Page Number,Lesson Number,Exercise Number,Arabic Text,Quran Chapter/Surah,Quran Verse/Ayah,Warning
14,1,1,اَلْكِتَابُ الْمُبِينُ al-kitābu l-mubīnu,12,1,
14,1,2,كِتَابٌ مُبِينٌ kitābun mubīnun,5,15,
14,1,3,كِتَابٌ كَرِيمٌ kitābun karīmun,27,29,
14,1,4,قُرْآنٌ مُبِينٌ qur’ānun mubīnun,15,1,
14,1,5,اَلْقُرْآنُ الْمَجِيدُ al-qur’ānu l-majīdu,50,1,
14,1,6,قُرْآنٌ كَرِيمٌ qur’ānun karīmun,56,77,
14,1,7,قُرْآنٌ مَجِيدٌ qur’ānun majīdun,85,21,
14,1,8,اَلْقُرْآنُ الْعَظِيمُ al-qur’ānu l-‘aẓīmu,15,87,
15,1,9,رَحْمَةٌ وَاسِعَةٌ raḥmatun wāsi‘atun,6,147,
15,1,10,آيَةٌ أُخْرَىٰ āyatun ukhrā,20,22,
15,1,11,اَلْيَوْمُ الْآخِرُ al-yawmu l-ākhiru,2,126,
15,1,12,يَوْمٌ كَبِيرٌ yawmun kabīrun,11,3,
15,1,13,اَلْعَذَابُ الشَّدِيدُ al-‘adhābu l-shadīdu,10,70,
15,1,14,يَوْمٌ عَظِيمٌ yawmun ‘aẓīmun,6,15,
15,1,15,عَذَابٌ شَدِيدٌ ‘adhābun shadīdun,3,4,
15,1,16,أَجْرٌ عَظِيمٌ ajrun ‘aẓīmun,3,172,
15,1,17,أَجْرٌ كَرِيمٌ ajrun karīmun,57,11,
15,1,18,عَذَابٌ عَظِيمٌ ‘adhābun ‘aẓīmun,2,7,
15,1,19,أَجْرٌ كَبِيرٌ ajrun kabīrun,11,11,
15,1,20,رَسُولٌ آمِنٌ rasūlun āminun,26,107,
15,1,21,رَسُولٌ كَرِيمٌ rasūlun karīmun,44,17,
15,1,22,اَلْبَلَدُ الْأَمِينُ al-baladu l-amīnu,95,3,
15,1,23,إِلٰهٌ آخَرُ ilāhun ākharu,15,96,
15,1,24,رَسُولٌ مُبِينٌ rasūlun mubīnun,43,29,
15,1,25,اَلْأَوَّلُ وَالْآخِرُ al-awwalu wa-l-ākhiru,57,3,
15,1,26,اَلْأُولَىٰ وَالْآخِرَةُ al-ūlā wa-l-ākhiratu,28,70,
15,1,27,اَللهُ عَزِيزٌ Allāhu ‘azīzun,2,209,
15,1,28,اَللهُ قَوِيٌّ Allāhu qawiyyun,8,52,
15,1,29,اَللهُ قَوِيٌّ عَزِيزٌ Allāhu qawiyyun ‘azīzun,58,21,
15,1,30,اَلْقَوِيُّ الْأَمِينُ al-qawiyyu l-amīnu,28,26,
20,2,1,آلِهَةٌ أُخْرَىٰ ālihatun ukhrā,6,19,
20,2,2,مَنَافِعُ كَثِيرَةٌ manāfi‘u kathīratun,23,21,
20,2,3,فَوَاكِهُ كَثِيرَةٌ fawākihu kathīratun,23,19,
20,2,4,اَلْقُرُونُ الْأُولَىٰ al-qurūnu l-ūlā,20,51,
20,2,5,اَلْقُرَى الظَّالِمَةُ al-qurā ẓālimatun,11,102,
20,2,6,قَرْيَةٌ ظَالِمَةٌ qaryatun ẓālimatun,21,11,
20,2,7,اَلْيَهُودُ وَالنَّصَارَىٰ al-yahūdu wa-l-naṣārā,5,18,
20,2,8,اَلسَّمَاوَاتُ وَالْأَرْضُ al-samawātu wa-l-arḍu,15,85,
20,2,9,أَعْجَمِيٌّ وَعَرَبِيٌّ a‘jamiyyun wa-‘arabiyyun,41,44,
20,2,10,اَلْقَوْمُ الظَّالِمُونَ al-qawmu l-ẓālimūna,6,47,
20,2,11,اَلْقَوْمُ الْكَافِرُونَ al-qawmu l-kāfirūna,12,87,
20,2,12,كَافِرٌ وَمُؤْمِنٌ kāfirun wa-mu’minun,64,2,
20,2,13,رِجَالٌ مُؤْمِنُونَ rijālun mu’minūna,48,25,
21,2,14,اَلْمُؤْمِنُونَ وَالْمُؤْمِنَاتُ al-mu’minūna wa-l-mu’minātu,24,12,
21,2,15,مُؤْمِنُونَ وَمُؤْمِنَاتٌ mu’minūna wa-mu’minātun,48,25,
21,2,16,اَلْأَوَّلُونَ وَالْآخِرُونَ al-awwalūna wa-l-ākhirūna,56,49,
21,2,17,اَللهُ تَوَّابٌ Allāhu tawwābun,49,12,
21,2,18,عِبَادٌ مُكْرَمُونَ ‘ibādun mukramūna,21,26,
21,2,19,رَجُلٌ مُؤْمِنٌ rajulun mu’minun,40,28,
21,2,20,أَيَّامٌ أُخَرُ ayyāmun ukharu,2,184,
21,2,21,اَلسَّمَاءُ وَالْأَرْضُ al-samā’u wa-l-arḍu,44,29,
21,2,22,اَلْمُسْلِمُونَ وَالْمُسْلِمَاتُ al-muslimūna wa-l-muslimātu,33,35,
28,3,1,أَنْتُمْ مُسْلِمُونَ antum muslimūna,2,132,
28,3,2,هُمْ مُسْلِمُونَ hum muslimūna,27,81,
28,3,3,نَحْنُ فِتْنَةٌ naḥnu fitnatun,2,102,
28,3,4,أَنَا نَذِيرٌ ana nadhīrun,29,50,
28,3,5,جَنَّةٌ عَالِيَةٌ jannatun ‘āliyatun,69,22,
28,3,6,أَنْتَ التَّوَّابُ anta l-tawwābu,2,128,
28,3,7,أَنْتُمْ ظَالِمُونَ antum ẓālimūna,2,92,
28,3,8,أَنْتُمُ الْفُقَرَاءُ antumu l-fuqarā’u,35,15,
28,3,9,هِيَ ظَالِمَةٌ hiya ẓālimatun,11,102,
28,3,10,هُوَ مُؤْمِنٌ huwa mu’minun,16,97,
28,3,11,هُوَ اللَّطِيفُ huwa l-laṭīfu,67,14,
28,3,12,أَنْتُمْ مُؤْمِنُونَ antum mu’minūna,60,11,
28,3,13,أَنَا اللهُ الْعَزِيزُ ana llāhu l-‘azīzu,27,9,
28,3,14,هِيَ بَيْضَاءُ hiya bayḍā’u,7,108,
28,3,15,هُوَ شَدِيدٌ huwa shadīdun,13,13,
28,3,16,أَنْتَ الْعَزِيزُ anta l-‘azīzu,5,118,
29,3,17,هِيَ فِتْنَةٌ hiya fitnatun,39,49,
29,3,18,أَنْتَ نَذِيرٌ anta nadhīrun,11,12,
29,3,19,أَنْتُمْ جَاهِلُونَ antum jāhilūna,12,89,
29,3,20,أَنَا التَّوَّابُ ana l-tawwābu,2,160,
33,4,1,فِي الصَّدَقَاتِ fī l-ṣadaqāti,9,58,
33,4,2,فِي ضَلَالٍ مُبِينٍ fī ḍalālin mubīnin,6,74,
33,4,3,عَلَى النَّارِ ‘alā l-nāri,51,13,
33,4,4,بَيْنَ السَّمَاءِ وَالْأَرْضِ bayna l-samā’i wa-l-arḍi,2,164,
33,4,5,بَيْنَ الْمُؤْمِنِينَ bayna l-mu’minīna,9,107,
33,4,6,بَيْنَ الْقَوْمِ bayna l-qawmi,5,25,
33,4,7,مَعَ الْقَوْمِ الظَّالِمِينَ ma‘a l-qawmi l-ẓālimīna,6,68,
33,4,8,مَعَ الْمُؤْمِنِينَ ma‘a l-mu’minīna,4,146,
33,4,9,مَعَ الرَّسُولِ ma‘a l-rasūli,25,27,
33,4,10,عَلَىٰ هُدًى ‘alā hudan,22,67,
33,4,11,عَلَى الرَّسُولِ ‘alā l-rasūli,29,18,
33,4,12,عَلَى الْكَافِرِينَ ‘alā l-kāfirīna,16,27,
33,4,13,مِنْ سَبِيلٍ min sabīlin,42,46,
33,4,14,إِلَىٰ بَلَدٍ ilā baladin,35,9,
34,4,15,إِلَىٰ عَذَابٍ عَظِيمٍ ilā ‘adhābin ‘aẓīmin,9,101,
34,4,16,مِنَ الرُّسُلِ mina l-rusuli,5,19,
34,4,17,مِنْ أَيَّامٍ أُخَرَ min ayyāmin ukhara,2,185,
34,4,18,مِنْ إِلٰهٍ min ilāhin,28,72,
34,4,19,بِاللهِ bi-llāhi,2,67,
34,4,20,بِالْآخِرَةِ bi-l-ākhirati,2,4,
34,4,21,بِوَادٍ bi-wādin,14,37,
34,4,22,بُشْرَىٰ لِلْمُسْلِمِينَ bushrā li-l-muslimīna,16,89,
34,4,23,لِلْقَوْمِ الظَّالِمِينَ li-l-qawmi l-ẓālimīna,11,44,
34,4,24,لِلْمُؤْمِنَاتِ li-l-mu’mināti,24,31,
34,4,25,لِلهِ الْآخِرَةُ وَالْأُولَىٰ li-llāhi l-ākhiratu wa-l-ūlā,53,25,
37,5,1,عَذَابِي شَدِيدٌ ‘adhāb-ī shadīdun,14,7,
37,5,2,رَبِّي رَحِيمٌ rabb-ī raḥīmun,11,90,
37,5,3,رَبِّي قَرِيبٌ rabb-ī qarībun,11,61,
37,5,4,وَلِيِّيَ اللهُ waliyy-ī Allāhu,7,196,
38,5,5,اَللهُ رَبِّي Allāhu Rabb-ī,3,51,
38,5,6,اِبْنِي مِنْ أَهْلِي ibn-ī min ahl-ī,11,45,
38,5,7,عَذَابِي هُوَ الْعَذَابُ الْأَلِيمُ ‘adhāb-ī huwa l-‘adhābu l-alīmu,15,50,
38,5,8,مَعِيَ رَبِّي ma‘-ī Rabb-ī,26,62,
38,5,9,بَيْنِي وَبَيْنَ إِخْوَتِي bayn-ī wa-bayna ikhwat-ī,12,100,
38,5,10,حَسْبِيَ اللهُ ḥasb-ī llāhu,39,38,
38,5,11,اَللهُ هُوَ الْهُدَىٰ Allāhu huwa l-hudā,2,120,
38,5,12,اَللهُ هُوَ الْحَقُّ Allāhu huwa l-ḥaqqu,22,6,
38,5,13,رَبِّي لَطِيفٌ Rabb-ī laṭīfun,12,100,
38,5,14,هُوَ اللهُ رَبِّي huwa llāhu Rabb-ī,18,38,
38,5,15,هِيَ عَصَايَ hiya ‘aṣā-ya,20,18,
38,5,16,اَللهُ هُوَ السَّمِيعُ Allāhu huwa l-samī‘u,40,20,
38,5,17,اَللهُ هُوَ رَبِّي Allāhu huwa Rabb-ī,43,64,
38,5,18,أَنَا رُسُلُ-ī ana wa-rusul-ī,58,21,
38,5,19,هُوَ مِنْ كِتَابِي huwa mina l-kitābī,3,78,
38,5,20,هُوَ فِي ضَلَالٍ مُبِينٍ huwa fī ḍalālin mubīnin,67,29,
38,5,21,عَذَابِي شَدِيدٌ ‘adhāb-ī shadīdun,14,7,
38,5,22,هُوَ خَالِدٌ فِي النَّارِ huwa khālidun fī l-nāri,47,15,
38,5,23,هُوَ الْأَوَّلُ وَالْآخِرُ huwa l-awwalu wa-l-ākhiru,57,3,
38,5,24,أَنَا مِنَ الْمُسْلِمِينَ ana mina l-muslimīna,10,90,
38,5,25,أَجْرِيَ عَلَى اللهِ ajr-ī ‘alā llāhi,11,29,
42,6,1,ذٰلِكَ هُوَ الْفَضْلُ الْكَبِيرُ,42,22,
42,6,2,هٰذَا حَلَالٌ وَهٰذَا حَرَامٌ,16,116,
42,6,3,هٰذَا نَذِيرٌ مِنَ النُّذُرِ الْأُولَىٰ,53,56,
42,6,4,هٰذَا لِسَانٌ عَرَبِيٌّ,16,103,
42,6,5,هٰذَا رَحْمَةٌ مِنْ رَبِّي,18,98,
42,6,6,ذٰلِكَ الْفَضْلُ مِنَ اللهِ,4,70,
42,6,7,هٰذَا صِرَاطٌ مُسْتَقِيمٌ,3,51,
42,6,8,هٰذِهِ الْآخِرَةُ,29,64,
42,6,9,تِلْكَ الدَّارُ الْآخِرَةُ,28,83,
42,6,10,هٰذَا شَيْءٌ عَجِيبٌ,50,2,
42,6,11,أُولٰئِكَ عَلَىٰ هُدًى,2,5,
42,6,12,ذٰلِكَ هُوَ الضَّلَالُ الْبَعِيدُ,14,18,
42,6,13,هٰذِهِ سَبِيلِي,12,108,
42,6,14,ذٰلِكَ يَوْمٌ عَسِيرٌ,74,9,
43,6,15,أُولَٰئِكَ هُمُ الْمُؤْمِنُونَ,8,74,
43,6,16,هَٰذَا رَبِّي,6,76,
43,6,17,هَٰذَا سِحْرٌ مُبِينٌ,61,6,
43,6,18,ذَٰلِكَ عَلَى اللَّهِ يَسِيرٌ,22,70,
43,6,19,أُولَٰئِكَ مِنَ الصَّالِحِينَ,3,114,
43,6,20,هَٰؤُلَاءِ قَوْمٌ مُجْرِمُونَ,44,22,
43,6,21,أُولَٰئِكَ فِي جَنَّاتٍ مُكْرَمُونَ,70,35,
43,6,22,هَٰؤُلَاءِ قَلِيلُونَ,26,54,
43,6,23,ذَٰلِكَ فِي كِتَابٍ,22,70,
43,6,24,هَٰذَا صِرَاطِي,6,153,
43,6,25,تِلْكَ آيَاتُ اللَّهِ,3,108,
43,6,26,رَبِّي عَلَىٰ صِرَاطٍ مُسْتَقِيمٍ,11,56,
43,6,27,لِلْكَافِرِينَ عَذَابٌ مُهِينٌ,2,90,
48,7,1,فِي سَبِيلِ اللَّهِ,2,154,
48,7,2,بَنَاتُ الْأَخِ,4,23,
48,7,3,قَلِيلٌ مِنَ الْآخِرِينَ,56,14,
48,7,4,سَبِيلُ الْمُجْرِمِينَ,6,55,
48,7,5,الْفَضْلَ بِيَدِ اللَّهِ,3,73,
48,7,6,أَيْدِي النَّاسِ,30,41,
48,7,7,آيَاتُ الرَّحْمَٰنِ,19,58,
48,7,8,أَرْضُ اللَّهِ وَاسِعَةٌ,4,97,
48,7,9,هَٰذِهِ نَاقَةُ اللَّهِ,7,73,
48,7,10,قَبْلَ يَوْمِ الْحِسَابِ,38,16,
48,7,11,أُولَٰئِكَ حِزْبُ الشَّيْطَانِ,58,19,
48,7,12,اللَّهَ ذُو الْفَضْلِ الْعَظِيمِ,57,29,
48,7,13,كَثِيرٌ مِنَ النَّاسِ,22,18,
49,7,14,أُولَٰئِكَ أَصْحَابُ النَّارِ,2,81,
49,7,15,اللَّهَ عَدُوٌّ لِلْكَافِرِينَ,2,98,
49,7,16,آثَارِ رَحْمَةِ اللَّهِ,30,50,
49,7,17,أَنَا أَوَّلُ الْمُؤْمِنِينَ,7,143,
49,7,18,رَبِّ السَّمَاوَاتِ وَالْأَرْضِ,44,7,
49,7,19,طَائِفَةٌ مِنْ أَهْلِ الْكِتَابِ,3,69,
49,7,20,طَائِفَةٌ مِنْ بَنِي إِسْرَائِيلَ,61,14,
49,7,21,اللَّهُ وَلِيُّ الْمُؤْمِنِينَ,3,68,
49,7,22,إِلَى اللَّهِ عَاقِبَةُ الْأُمُورِ,31,22,
49,7,23,فِتْنَةٌ فِي الْأَرْضِ وَفَسَادٌ كَبِيرٌ,8,73,
49,7,24,عَلَىٰ شَفَا حُفْرَةٍ مِنَ النَّارِ,3,103,
49,7,25,الْحَمْدُ لِلَّهِ رَبِّ الْعَالَمِينَ,1,2,
55,8,1,دَخَلَ الْمَدِينَةَ,28,15,
55,8,2,دَخَلُوا قَرْيَةً,27,34,
55,8,3,جَعَلَ الشَّمْسَ ضِيَاءً وَالْقَمَرَ نُورًا,10,5,
55,8,4,بَعَثَ اللَّهُ رَسُولًا,25,41,
55,8,5,حَمَلَتْ حِمْلًا خَفِيفًا,7,189,
55,8,6,خَلَقَ السَّمَاوَاتِ وَالْأَرْضَ,7,54,
55,8,7,خَلَقَ اللَّهُ ذَٰلِكَ,10,5,
55,8,8,خَلَقْنَا الْإِنْسَانَ,90,4,
55,8,9,ذَكَرُوا اللَّهَ,3,135,
55,8,10,رَجَعْنَا إِلَى الْمَدِينَةِ,63,8,
56,8,11,رَجَعْتُمْ,9,94,
56,8,12,ضَرَبَ اللَّهُ مَثَلًا,39,20,
56,8,13,ضَرَبْتُمْ فِي سَبِيلِ اللَّهِ,4,94,
56,8,14,لَبِثُوا فِي الْعَذَابِ الْمُهِينِ,34,14,
56,8,15,لَبِثْتُمْ فِي كِتَابِ اللَّهِ إِلَىٰ يَوْمِ الْبَعْثِ,30,56,
56,8,16,كَتَبْنَا فِي الزَّبُورِ مِنْ بَعْدِ الذِّكْرِ,21,105,
56,8,17,وَجَدَ قَوْمًا,18,93,
56,8,18,وَجَدْتُ امْرَأَةً,27,23,
56,8,19,وَجَدُوا اللَّهَ تَوَّابًا,4,64,
56,8,20,وَعَدَ اللَّهُ الْمُؤْمِنِينَ وَالْمُؤْمِنَاتِ جَنَّاتٍ,9,72,
56,8,21,بَلَغَ مَطْلِعَ الشَّمْسِ,18,90,
56,8,22,ظَهَرَ أَمْرُ اللَّهِ,9,48,
56,8,23,ظَهَرَ الْفَسَادُ فِي الْبَرِّ وَالْبَحْرِ,30,41,
56,8,24,بَعَثْنَا فِي كُلِّ أُمَّةٍ رَسُولًا,16,36,
61,9,1,مِنَ اللَّهِ وَرَسُولِهِ,2,279,
61,9,2,مِنْ أُمَّهَاتِهِمْ,58,2,
61,9,3,فَعَلْتَ فَعْلَتَكَ,26,19,
61,9,4,جَعَلَ خِلَالَهَا أَنْهَارًا,27,61,
61,9,5,خَرَجُوا مِنْ دِيَارِهِمْ,2,243,
61,9,6,خَرَجْنَا مَعَكُمْ,9,42,
61,9,7,الْأَمْرَ بَيْنِي وَبَيْنَكُمْ,6,58,
61,9,8,عَلَيْكَ لَعْنَتِي,38,78,
61,9,9,جَعَلْنَا ابْنَ مَرْيَمَ وَأُمَّهُ آيَةً,23,50,
61,9,10,نَصَرَكُمُ اللَّهُ بِبَدْرٍ,3,123,
61,9,11,رَجَعُوا إِلَيْهِمْ,9,122,
61,9,12,الْأَمْرَ إِلَيْكِ,27,33,
61,9,13,كَذَبُوا عَلَىٰ أَنْفُسِهِمْ,6,24,
61,9,14,تَبِعَ هُدَايَ,2,38,
61,9,15,سَأَلْتُمُوهُنَّ,33,53,
61,9,16,بِإِذْنِ رَبِّهِ,7,58,
61,9,17,نِعْمَتِي عَلَيْكُمْ,2,150,
62,9,18,دَخَلْتُمُوهُ,5,23,
62,9,19,بِإِذْنِ أَهْلِهِنَّ,4,25,
62,9,20,سَأَلَهَا قَوْمٌ مِنْ قَبْلِكُمْ,5,102,
62,9,21,سَأَلَكَ عِبَادِي عَنِّي,2,186,
62,9,22,تَبِعَكَ,7,18,
62,9,23,تَبِعَنِي,14,36,
62,9,24,رَفَعَهُ اللَّهُ إِلَيْهِ,4,158,
62,9,25,سَلَامٌ عَلَيْكُمْ ۖ كَتَبَ رَبُّكُمْ عَلَىٰ,6,54,
62,9,26,دَخَلَ جَنَّتَهُ,18,35,
62,9,27,أَخَذَهُمُ اللَّهُ بِذُنُوبِهِمْ,3,11,
68,10,1,مَا ظَلَمَهُمُ اللَّهُ,3,117,
68,10,2,مَا جَعَلَ اللَّهُ لَكُمْ عَلَيْهِمْ سَبِيلًا,4,90,
68,10,3,مَا ذَٰلِكَ عَلَى اللَّهِ بِعَزِيزٍ,14,20,
68,10,4,مَا هُمْ مِنْ شَهِيدٍ,41,47,
68,10,5,وَمَا لَهُمْ مِنْ نَاصِرِينَ,3,56,
68,10,6,مَا فَعَلُوهُ,4,66,
68,10,7,مَا لَبِثُوا فِي الْعَذَابِ الْمُهِينِ,34,14,
68,10,8,مَا سَأَلْتُكُمْ مِنْ أَجْرٍ,34,47,
68,10,9,مَا عَلَيْهِمْ مِنْ سَبِيلٍ,42,41,
68,10,10,مَا أَنَا إِلَّا نَذِيرٌ مُبِينٌ,46,9,
68,10,11,مَا لَهُمْ بِهِ مِنْ عِلْمٍ,53,28,
68,10,12,مَا كَتَبْنَاهَا عَلَيْهِمْ,57,27,
68,10,13,مَا نَحْنُ بِمَيِّتِينَ,37,58,
68,10,14,وَجَدْنَا مَا وَعَدَنَا,7,44,
68,10,15,مَا فَعَلْنَ فِي أَنْفُسِهِنَّ مِنْ مَعْرُوفٍ,2,240,
68,10,16,فِي مَا أَخَذْتُمْ,8,68,
68,10,17,هَٰذَا مَا كَنَزْتُمْ لِأَنْفُسِكُمْ,9,35,
68,10,18,مَا أَمَرَ اللَّهُ بِهِ,13,21,
68,10,19,مَا بَيْنَ أَيْدِينَا وَمَا خَلْفَنَا,19,64,
68,10,20,عَلِمْنَا مَا فَرَضْنَا عَلَيْهِمْ,33,50,
69,10,21,مَا عَمِلَتْهُ أَيْدِيهِمْ,36,35,
69,10,22,لِلَّهِ مُلْكُ السَّمَاوَاتِ وَالْأَرْضِ وَمَا فِيهِنَّ,5,120,
69,10,23,وَقَعَ الْقَوْلُ عَلَيْهِمْ بِمَا ظَلَمُوا,27,85,
69,10,24,وَجَدُوا مَا عَمِلُوا,18,49,
69,10,25,مَا فِي الْبَرِّ وَالْبَحْرِ,6,59,
69,10,26,نِصْفُ مَا فَرَضْتُمْ,2,237,
69,10,27,ظَهَرَ الْفَسَادُ فِي الْبَرِّ وَالْبَحْرِ بِمَا كَسَبَتْ أَيْدِي النَّاسِ,30,41,
73,11,1,جَعَلْنَا بَعْضَكُمْ لِبَعْضٍ فِتْنَةً,25,20,
73,11,2,بَعْضُكُمْ لِبَعْضٍ عَدُوٌّ,20,123,
73,11,3,رَفَعْنَا بَعْضَهُمْ فَوْقَ بَعْضٍ,43,32,
74,11,4,بَعْضُ الظَّنِّ إِثْمٌ,49,12,
74,11,5,أُولَٰئِكَ بَعْضُهُمْ أَوْلِيَاءُ بَعْضٍ,8,72,
74,11,6,تَرَكْنَا بَعْضَهُمْ,18,99,
74,11,7,نَظَرَ بَعْضُهُمْ إِلَىٰ بَعْضٍ,9,127,
74,11,8,أَلْمُؤْمِنُونَ وَٱلْمُؤْمِنَاتُ بَعْضُهُمْ أَوْلِيَاءُ بَعْضٍ,9,71,
74,11,9,أللَّهَ عَلَىٰ كُلِّ شَيْءٍ قَدِيرٌ,5,40,
74,11,10,أَنْتَ عَلَىٰ كُلِّ شَيْءٍ شَهِيدٌ,5,117,
74,11,11,فَتَحْنَا عَلَيْهِمْ أَبْوَابَ كُلِّ شَيْءٍ,6,44,
74,11,12,جَعَلْنَا لِكُلِّ نَبِيٍّ عَدُوًّا مِّنَ ٱلْمُجْرِمِينَ,25,31,
74,11,13,لِكُلِّ أُمَّةٍ أَجَلٌ,7,34,
74,11,14,أَلْمَوْتُ مِنْ كُلِّ مَكَانٍ,14,17,
74,11,15,ذَهَبَ كُلٌّ إِلَٰهٍ بِمَا خَلَقَ,23,91,
74,11,16,بَعَثْنَا فِي كُلِّ أُمَّةٍ رَّسُولًا,16,36,
74,11,17,رَبُّكَ عَلَىٰ كُلِّ شَيْءٍ حَفِيظٌ,34,21,
74,11,18,كُلُّ نَفْسٍ بِمَا كَسَبَتْ رَهِينَةٌ,74,38,
74,11,19,وَكُلُّ صَغِيرٍ وَكَبِيرٍ مُّسْتَطَرٌ,54,53,
74,11,20,لَهُمْ فِيهَا مِن كُلِّ ٱلثَّمَرَاتِ وَمَغْفِرَةٌ,47,15,
74,11,21,كُلُّ مَا سَأَلْتُمُوهُ,14,34,
74,11,22,لَبِثْنَا يَوْمًا أَوْ بَعْضَ يَوْمٍ,18,19,
74,11,23,دَخَلُوهُ أَوَّلَ مَرَّةٍ,17,7,
80,12,1,كَانَ لِمَنْ وُلِدَ,4,12,
80,12,2,كَانُوا قَوْمًا مُّجْرِمِينَ,7,133,
80,12,3,كَانُوا كَهَشِيمِ,54,31,
80,12,4,كُنَّا مُسْلِمِينَ,27,42,
80,12,5,كُنْتُ فِي غَفْلَةٍ مِّنْ هَٰذَا,50,22,
80,12,6,كَانَ أَمْرُ ٱللَّهِ مَفْعُولًا,4,47,
80,12,7,كَانَ عَدُوًّا لِّلَّهِ وَمَلَائِكَتِهِۦ وَرُسُلِهِۦ,2,98,
80,12,8,كَانَ مَعَهُ,23,91,
80,12,9,كَانَ بِعِبَادِهِۦ خَبِيرًا بَصِيرًا,17,96,
80,12,10,كَانَ رَبُّكَ بَصِيرًا,25,20,
80,12,11,كَانُوا عَلَيْهِ شُهَدَاءَ,5,44,
80,12,12,كَانَ ٱلنَّاسُ أُمَّةً,2,213,
80,12,13,كُنْتُ أَنْتَ ٱلرَّقِيبَ عَلَيْهِمْ,5,117,
80,12,14,مَا كُنَّا سَارِقِينَ,12,73,
80,12,15,كُنْتُمْ مُّجْرِمِينَ,34,32,
80,12,16,كُنْتُمْ عَلَىٰ شَفَا حُفْرَةٍ مِّنَ ٱلنَّارِ,3,103,
80,12,17,كَانَ مِنَ ٱلْقُرُونِ مِن قَبْلِكُمْ,11,116,
80,12,18,كَانُوا قَوْمَ سَوْءٍ,21,74,
80,12,19,كَانَ ذَٰلِكَ عَلَى ٱللَّهِ يَسِيرًا,4,169,
81,12,20,كَانَتْ مِن قَوْمٍ كَافِرِينَ,27,43,
81,12,21,مَا كَانَ عَلَى ٱلنَّبِيِّ مِنْ حَرَجٍ,33,38,
81,12,22,كَانَ لَكُمْ فِي رَسُولِ ٱللَّهِ أُسْوَةٌ حَسَنَةٌ,33,21,
81,12,23,كَانَ فِي ضَلَالٍ مُّبِينٍ,43,40,
81,12,24,لَمَّا سَكَتَ عَن مُّوسَى ٱلْغَضَبُ أَخَذَ ٱلْأَلْوَاحَ,7,154,
81,12,25,لَمَّا فَتَحُوا مَتَاعَهُمْ وَجَدُوا بِضَاعَتَهُمْ,12,65,
81,12,26,كُنَّا عَنْ هَٰذَا غَافِلِينَ,7,172,
85,13,1,مَتَا تَرَكَ ٱلْوَالِدَانِ,4,33,
85,13,2,قَالَ رَجُلَانِ,5,23,
85,13,3,يَدَاهُ مَبْسُوطَتَانِ,5,64,
85,13,4,آخَرَانِ,5,106,
85,13,5,دَخَلَ مَعَهُ ٱلسِّجْنَ فَتَيَانِ,12,36,
85,13,6,هَٰذَانِ سَاحِرَانِ,20,63,
85,13,7,وَجَدَ فِيهَا رَجُلَيْنِ,28,15,
85,13,8,ذَانِكَ بُرْهَانَانِ مِن رَّبِّكَ,28,32,
85,13,9,طَائِفَتَانِ مِنَ ٱلْمُؤْمِنِينَ,49,9,
85,13,10,فِيهِمَا عَيْنَانِ,55,50,
85,13,11,ابْنَتَيَّ هَاتَيْنِ (genitive),28,27,
85,13,12,وَجَدَ مِن دُونِهِمُ ٱمْرَأَتَيْنِ,28,23,
85,13,13,بَلَغَا مَجْمَعَ بَيْنِهِمَا,18,61,
85,13,14,فِيهِمَا إِثْمٌ كَبِيرٌ,2,219,
85,13,15,بَيْنَهُمَا حِجَابٌ,7,46,
85,13,16,جَعَلَا لَهُ شُرَكَاءَ,7,190,
85,13,17,وَمَا نَحْنُ لَكُمَا بِمُؤْمِنِينَ,10,78,
85,13,18,خَلَقْنَا ٱلسَّمَاوَاتِ وَٱلْأَرْضَ وَمَا بَيْنَهُمَا,15,85,
85,13,19,جَعَلْنَا بَيْنَهُمَا زَرْعًا,18,32,
85,13,20,مَا خَلَقْنَاهُمَا إِلَّا بِٱلْحَقِّ,44,39,
85,13,21,فِيهِمَا فَاكِهَةٌ وَنَخْلٌ وَرُمَّانٌ,55,68,
85,13,22,جَعَلْنَا ٱلَّيْلَ وَٱلنَّهَارَ آيَتَيْنِ,17,12,
97,15,1,عَلَّمَ ٱلْقُرْآنَ,55,2,
97,15,2,عَلَّمَكَ ٱلْكِتَابَ,5,110,
97,15,3,ذَٰلِكَ بِمَا قَدَّمَتْ أَيْدِيكُمْ,3,182,
97,15,4,مَا قَدَّمَ وَأَخَّرَ,75,13,
97,15,5,كَذَّبُوا بِآيَاتِنَا,3,11,
97,15,6,كَذَّبَ بِٱلسَّاعَةِ,25,11,
97,15,7,جَاهَدُوا فِي سَبِيلِ ٱللَّهِ,2,218,
97,15,8,جَاهَدَاكَ,29,8,
97,15,9,قَدْ جَادَلْتَنَا,11,32,
97,15,10,قَاتَلَهُمُ ٱللَّهُ,9,30,
98,15,11,قَاتِلُوكُمْ فِي ٱلدِّينِ,60,9,
98,15,12,أَرْسَلْنَاهُ قُرْآنًا عَرَبِيًّا,12,2,
98,15,13,أَنْزَلَ مِنَ ٱلسَّمَاءِ مَاءً,2,22,
98,15,14,مَا أَنْزَلَ ٱللَّهُ عَلَىٰ بَشَرٍ مِّن شَيْءٍ,6,91,
98,15,15,أَهْلَكْنَاهُم بِذُنُوبِهِمْ,6,6,
98,15,16,مَا أَهْلَكْنَا مِن قَرْيَةٍ إِلَّا وَلَهَا كِتَابٌ مَّعْلُومٌ,15,4,
98,15,17,أَرْسَلَ رَسُولَهُ بِٱلْهُدَىٰ,9,33,
98,15,18,أَرْسَلْنَا نُوحًا إِلَىٰ قَوْمِهِ,11,25,
98,15,19,أَرْسَلْتَ إِلَيْنَا رَسُولًا,20,134,
98,15,20,تَوَكَّلْتُ عَلَى ٱللَّهِ رَبِّي وَرَبِّكُمْ,11,56,
98,15,21,اِنْقَلَبَ عَلَىٰ وَجْهِهِ,22,11,
98,15,22,اِنْقَلَبُوا إِلَىٰ أَهْلِهِمْ,83,31,
98,15,23,نَصَرُوهُ وَٱتَّبَعُوا ٱلنُّورَ,7,157,
98,15,24,اِتَّبَعُوا ٱلْحَقَّ مِن رَّبِّهِمْ,47,3,
98,15,25,اِخْتَلَفُوا فِي ٱلْكِتَابِ,2,176,
98,15,26,اِخْتَلَفَ ٱلْأَحْزَابُ مِنْ بَيْنِهِمْ,43,65,
98,15,27,وَٱسْتَغْفَرَ لَهُمُ ٱلرَّسُولُ,4,64,
98,15,28,فَٱسْتَغْفَرُوا لِذُنُوبِهِمْ,3,135,
98,15,29,وَٱسْتَكْبَرْتَ وَكُنْتَ مِنَ ٱلْكَافِرِينَ,39,59,
98,15,30,فَٱسْتَكْبَرُوا وَكَانُوا قَوْمًا مُّجْرِمِينَ,7,133,
103,16,1,نَبْعَثُ مِنْ كُلِّ أُمَّةٍ شَهِيدًا,16,89,
103,16,2,أَبْلُغَ مَجْمَعَ الْبَحْرَيْنِ,18,60,
103,16,3,نَجْعَلُهُمَا تَحْتَ أَقْدَامِنَا,41,29,
103,16,4,يَأْكُلْ مِمَّا تَأْكُلُونَ مِنْهُ ... وَيَشْرَبُ مِمَّا تَشْرَبُونَ,23,33,
103,16,5,نَحْمِلُهُ (f.s.),19,27,
103,16,6,هُمْ لَا يَرْجِعُونَ,2,18,
103,16,7,يَدْخُلُونَ عَلَيْهِمْ مِنْ كُلِّ بَابٍ,13,23,
103,16,8,سَنَذْكُرُهُمْ,2,235,
103,16,9,يَضْرِبُ اللَّهُ الْأَمْثَالَ لِلنَّاسِ,14,25,
103,16,10,يَكْتُبُونَ الْكِتَابَ بِأَيْدِيهِمْ,2,79,
103,16,11,يَأْخُذُكُمْ عَذَابٌ قَرِيبٌ,11,64,
103,16,12,كَانَ يَأْمُرُ أَهْلَهُ بِالصَّلَوٰةِ وَالزَّكَوٰةِ,19,55,
103,16,13,لَا يَخْرُجُونَ مَعَهُمْ,59,12,
104,16,14,يَسْأَلُونَكَ عَنِ الشَّهْرِ الْحَرَامِ,2,217,
104,16,15,يَسْمَعُ كَلَامَ اللَّهِ,9,6,
104,16,16,يَعْلَمُ مَا تَكْسِبُ كُلُّ نَفْسٍ,13,42,
104,16,17,لَا يُكَلِّمُهُمُ اللَّهُ وَلَا يَنْظُرُ إِلَيْهِمْ,3,77,
104,16,18,يَنْصُرُونَكُمْ,26,93,
104,16,19,اللَّهُ شَهِيدٌ عَلَى مَا تَعْمَلُونَ,3,98,
104,16,20,عَلَى رَبِّهِمْ يَتَوَكَّلُونَ,8,2,
104,16,21,يَسْتَغْفِرُونَهُ وَاللَّهُ غَفُورٌ رَحِيمٌ,5,74,
104,16,22,يُعَلِّمُكُمُ الْكِتَابَ وَالْحِكْمَةَ,2,151,
104,16,23,لَا يَسْتَكْبِرُونَ,5,82,
104,16,24,لَا نُكَذِّبُ بِآيَاتِ رَبِّنَا,6,27,
104,16,25,يُجَاهِدُونَ فِي سَبِيلِ اللَّهِ بِأَمْوَالِهِمْ وَأَنْفُسِهِمْ,61,11,
104,16,26,يَتَذَكَّرُ أُولُوا الْأَلْبَابِ,39,9,
104,16,27,سَأُنْزِلُ مِثْلَ مَا أَنْزَلَ اللَّهُ,6,93,
104,16,28,يُهْلِكُونَ أَنْفُسَهُمْ,6,26,
104,16,29,لَا يُقَاتِلُونَكُمْ,59,14,
104,16,30,سَوْفَ يَبْصِرُونَ,37,175,
110,17,1,أَفَلَا تَتَذَكَّرُونَ,6,80,
110,17,2,سَنَنْظُرُ أَصَدَقْتَ أَمْ كُنْتَ مِنَ الْكَاذِبِينَ,27,27,
110,17,3,أَفَنَجْعَلُ الْمُسْلِمِينَ كَالْمُجْرِمِينَ,68,35,
110,17,4,مَتَى هَذَا الْوَعْدُ,10,48,
110,17,5,أَنَّى لَهُمُ الذِّكْرَى,44,13,
110,17,6,مَا أَصْحَابُ الْيَمِينِ,56,27,
110,17,7,مَا أَدْرَاكَ مَا يَوْمُ الدِّينِ,82,17,
110,17,8,فَهَلْ وَجَدْتُمْ مَا وَعَدَ رَبُّكُمْ,7,44,
110,17,9,هَلْ عِنْدَكُمْ مِنْ عِلْمٍ,6,148,
111,17,10,أَوَلَا يَعْلَمُونَ,2,77,
111,17,11,أَيَطْمَعُ اللَّهُ بَشَرًا رَسُولًا,17,94,
111,17,12,أَلَا لَهُ الْحُكْمُ,6,62,
111,17,13,نَنْظُرُ كَيْفَ تَعْمَلُونَ,10,14,
111,17,14,أَفَلَا تَعْقِلُونَ,3,65,
111,17,15,أَيُبْصِرُونَنِي,15,54,
111,17,16,أَكَذَّبْتُمْ بِآيَاتِي,27,84,
111,17,17,أَهُمْ يَقْسِمُونَ رَحْمَةَ رَبِّكَ,43,32,
111,17,18,هَلْ عَلِمْتُمْ مَا فَعَلْتُمْ,12,89,
111,17,19,أَعَجِلْتُمْ أَمْرَ رَبِّكُمْ,7,150,
111,17,20,أَبِهَذَا آيَاتِنَا يَسْتَعْجِلُونَ,26,204,
111,17,21,هَلْ يَسْمَعُونَكُمْ,26,72,
111,17,22,وَتَبَيَّنَ لَكُمْ كَيْفَ فَعَلْنَا بِهِمْ,14,45,
111,17,23,أَفَمَا نَحْنُ بِمَيِّتِينَ,37,58,
111,17,24,فَهَلْ أَنْتُمْ مُسْلِمُونَ,11,14,
111,17,25,أَلَا ذَلِكَ هُوَ الْخُسْرَانُ الْمُبِينُ,39,15,
111,17,26,وَمَا أَدْرَاكَ مَا الْقَارِعَةُ,101,3,
111,17,27,أَفَأَنْتَ تُسْمِعُ الصُّمَّ,10,42,
111,17,28,كَيْفَ تَأْخُذُونَهُ,4,21,
111,17,29,أَكَانَ لِلنَّاسِ عَجَبًا,10,2,
111,17,30,أَفَلَا يَنْظُرُونَ إِلَى الْإِبِلِ,88,17,
119,18,1,يَسْأَلُكَ أَهْلُ الْكِتَابِ أَنْ تُنَزِّلَ عَلَيْهِمْ كِتَابًا مِنَ السَّمَاءِ,4,153,
119,18,2,جَعَلْنَاكُمْ أُمَّةً وَسَطًا لِتَكُونُوا شُهَدَاءَ عَلَى النَّاسِ,2,143,
119,18,3,كَرِهُوا أَنْ يُجَاهِدُوا بِأَمْوَالِهِمْ وَأَنْفُسِهِمْ فِي سَبِيلِ اللَّهِ,9,81,
119,18,4,جَزَاؤُهُمْ أَنَّ عَلَيْهِمْ لَعْنَةَ اللَّهِ,3,87,
119,18,5,يُبَايِعُونَكَ عَلَى أَنْ لَا يُشْرِكْنَ بِاللَّهِ شَيْئًا,60,12,
119,18,6,أَعَجِزْتُ أَنْ أَكُونَ مِثْلَ هَذَا الْغُرَابِ,5,31,
119,18,7,ذَلِكَ بِأَنَّهُمُ اتَّبَعُوا مَا أَسْخَطَ اللَّهَ,47,28,
119,18,8,أَيَطْمَعُ أَلَّا نَحْكُمَ النَّاسَ ثَلَاثَ لَيَالٍ,19,10,
119,18,9,نُزِّلَ بِهِ عَلَى قَلْبِكَ لِتَكُونَ مِنَ الْمُنْذِرِينَ [193-4 :26],0,0,
119,18,10,نَطْمَعُ أَنْ يُدْخِلَنَا رَبُّنَا مَعَ الْقَوْمِ الصَّالِحِينَ,5,84,
120,18,11,لَنْ يُؤَخِّرَ اللَّهُ نَفْسًا,63,11,
120,18,12,إِنَّ اللَّهَ يَأْمُرُكُمْ أَنْ تَذْبَحُوا بَقَرَةً,2,67,
120,18,13,هُوَ الْحَقُّ مِنْ رَبِّكَ لِتُنْذِرَ قَوْمًا,32,3,
120,18,14,يُبَشِّرُ الْمُؤْمِنِينَ أَنَّ لَهُمْ أَجْرًا كَبِيرًا,17,9,
120,18,15,جَعَلْنَا اللَّيْلَ لِيَسْكُنُوا فِيهِ,27,86,
120,18,16,هُوَ الْقَادِرُ عَلَى أَنْ يَبْعَثَ عَلَيْكُمْ عَذَابًا,6,65,
120,18,17,تَبَيَّنَ لَهُمْ أَنَّهُمْ أَصْحَابُ الْجَحِيمِ A,9,113,
120,18,18,تَبَيَّنَ لَهُ أَنَّهُ عَدُوٌّ لِلَّهِ,9,114,
120,18,19,وَكَتَبْنَا عَلَيْهِمْ فِيهَا أَنَّ النَّفْسَ بِالنَّفْسِ وَالْعَيْنَ بِالْعَيْنِ,5,45,
120,18,20,سَخَّرَ الْبَحْرَ لِتَأْكُلُوا مِنْهُ لَحْمًا,16,14,
120,18,21,ذَلِكَ جَزَاؤُهُمْ بِأَنَّهُمْ كَفَرُوا بِآيَاتِنَا,17,98,
120,18,22,إِنَّا نَطْمَعُ أَنْ يَغْفِرَ لَنَا رَبُّنَا خَطَايَانَا,26,51,
120,18,23,أَوَلَا يَذْكُرُ الْإِنْسَانُ أَنَّا خَلَقْنَاهُ,19,67,
120,18,24,وَأَنْزَلَ مَعَهُمُ الْكِتَابَ بِالْحَقِّ لِيَحْكُمَ بَيْنَ النَّاسِ,2,213,
120,18,25,هَلْ أَدُلُّكَ عَلَى أَنْ تَعْلَمَنِي,18,66,
125,19,1,إِنَّا إِلَيْهِ رَاجِعُونَ,2,156,
125,19,2,إِنَّ اللَّهَ جَامِعُ النَّاسِ,3,9,
125,19,3,إِنَّ كَذَلِكَ نَفْعَلُ بِالْمُجْرِمِينَ,37,34,
125,19,4,قَالُوا إِنَّا إِلَى رَبِّنَا مُنْقَلِبُونَ,7,125,
125,19,5,إِنَّ اللَّهَ يَأْمُرُ بِالْعَدْلِ وَالْإِحْسَانِ,16,90,
125,19,6,إِنِّي جَعَلْنَاكَ خَلِيفَةً فِي الْأَرْضِ,38,26,
125,19,7,إِنَّ جَهَنَّمَ جَزَاؤُكُمْ,17,63,
125,19,8,إِنَّكَ لَمَجْنُونٌ,15,6,
125,19,9,إِنَّ اللَّهَ غَفُورٌ رَحِيمٌ,2,173,
126,19,10,قَالَ الْكَافِرُونَ إِنَّ هَذَا لَسَاحِرٌ مُبِينٌ,10,2,
126,19,11,إِنَّ لَنْ نَدْخُلَهَا,5,22,
126,19,12,إِنَّ اللَّهَ عَدُوٌّ لِلْكَافِرِينَ,2,98,
126,19,13,إِنَّا أَنْزَلْنَا إِلَيْكَ الْكِتَابَ بِالْحَقِّ,4,105,
126,19,14,إِنَّ لَهُ أَبًا شَيْخًا كَبِيرًا,12,78,
126,19,15,إِنَّهُ مِنْ عِبَادِنَا الْمُخْلَصِينَ,12,24,
126,19,16,إِنَّ هَذَا لَشَيْءٌ عَجِيبٌ,11,72,
126,19,17,إِنَّ الشَّيْطَانَ لِلْإِنْسَانِ عَدُوٌّ مُبِينٌ,12,5,
126,19,18,إِنَّهُ مِنَ الصَّالِحِينَ,21,75,
126,19,19,إِنَّهُ بِمَا تَعْمَلُونَ بَصِيرٌ,11,112,
126,19,20,إِنَّ زِلْزِلَةَ السَّاعَةِ شَيْءٌ عَظِيمٌ,22,1,
126,19,21,إِنَّهَا بَقَرَةٌ صَفْرَاءُ,2,69,
126,19,22,إِنَّ اللَّهَ عَلَى كُلِّ شَيْءٍ قَدِيرٌ,2,148,
126,19,23,إِنِّي تَوَكَّلْتُ عَلَى اللَّهِ,11,56,
126,19,24,إِنَّ كَثِيرًا مِنَ النَّاسِ عَنْ آيَاتِنَا لَغَافِلُونَ,10,92,
126,19,25,إِنَّ لَكُمْ فِي الْأَنْعَامِ لَعِبْرَةً,23,21,
126,19,26,أَلَا إِنَّ لِلَّهِ مَا فِي السَّمَوَاتِ وَالْأَرْضِ,24,64,
126,19,27,إِنَّ الْمُنَافِقِينَ يُخَادِعُونَ اللَّهَ,4,142,
126,19,28,إِنَّا أَرْسَلْنَاكَ بِالْحَقِّ بَشِيرًا وَنَذِيرًا,35,24,
126,19,29,قَالُوا شَهِدْنَا عَلَى أَنْفُسِنَا,6,130,
126,19,30,قَالُوا وَجَدْنَا آبَاءَنَا لَهَا عَابِدِينَ,21,53,
130,20,1,لَمْ تُنْذِرْهُمْ,2,6,
130,20,2,يَعْلَمُكُمْ مَا لَمْ تَكُونُوا تَعْلَمُونَ,2,151,
130,20,3,لَمْ أُشْرِكْ بِرَبِّي أَحَدًا,18,42,
130,20,4,لَمْ يَكُنْ لَهُ وَلِيٌّ,17,111,
130,20,5,أَلَمْ تَعْلَمْ أَنَّ اللَّهَ يَعْلَمُ مَا فِي السَّمَاءِ وَالْأَرْضِ,22,70,
130,20,6,لَمْ يَكُنْ لَهُ شَرِيكٌ فِي الْمُلْكِ,25,2,
130,20,7,لَمْ يَبْلُغُوا النِّكَاحَ,24,58,
130,20,8,لَمْ يَجْعَلِ اللَّهُ لَهُ نُورًا,24,40,
130,20,9,أَلَمْ أَقُلْ لَكُمْ,68,28,
130,20,10,لَا تَسْتَعْجِلْ,46,35,
130,20,11,فَعَلِمَ مَا لَمْ تَعْلَمُوا,48,27,
130,20,12,أَفَلَمْ يَنْظُرُوا إِلَى السَّمَاءِ فَوْقَهُمْ,50,6,
130,20,13,عَلَّمَ الْإِنْسَانَ مَا لَمْ يَعْلَمْ,96,5,
130,20,14,فَلَمْ يَجِدُوا لَهُمْ مِنْ دُونِ اللَّهِ أَنْصَارًا,71,25,
130,20,15,أَلَمْ نَجْعَلْ لَهُ عَيْنَيْنِ,90,8,
131,20,16,أَلَمْ نُهْلِكِ الْأَوَّلِينَ,77,16,
131,20,17,لَمْ تَكُونُوا مُؤْمِنِينَ,37,29,
131,20,18,لَمْ يَسْمَعُوهَا,31,7,
131,20,19,أَلَمْ يَعِدْكُمْ رَبُّكُمْ وَعْدًا حَسَنًا,20,86,
131,20,20,لَا تَقْرَبَا هَذِهِ الشَّجَرَةَ,2,35,
131,20,21,لَمْ يَكُنْ لَهُ كُفُوًا أَحَدٌ,112,4,
131,20,22,لَا تَحْزَنِي,28,7,
131,20,23,لَا تَعْبُدِ الشَّيْطَانَ,19,44,
131,20,24,لَا تَسْأَلِي عَنْ شَيْءٍ,18,70,
131,20,25,لَا تَكُنْ مَعَ الْكَافِرِينَ,11,42,
131,20,26,لَا تَقْتُلُوا أَوْلَادَكُمْ,17,31,
131,20,27,لَا تَنْقُضُوا الْأَيْمَانَ,16,91,
131,20,28,لَا تَدْخُلُوا مِنْ بَابٍ وَاحِدٍ,12,67,
137,21,1,أَلَيْسَ هَذَا بِالْحَقِّ,46,34,
137,21,2,أَلَيْسَ كَمِثْلِهِ شَيْءٌ,42,11,
137,21,3,يَقُولُونَ بِأَلْسِنَتِهِم مَّا لَيْسَ فِي قُلُوبِهِمْ,48,11,
137,21,4,لَيْسَ لَهُمْ طَعَامٌ,88,6,
137,21,5,إِنَّهُ لَيْسَ مِنْ أَهْلِكَ,11,46,
137,21,6,أَلَيْسَ فِي جَهَنَّمَ مَثْوًى لِّلْكَافِرِينَ,29,68,
137,21,7,لَيْسَ عَلَيْكُمْ جُنَاحٌ فِيمَا أَخْطَأْتُم,33,5,
137,21,8,لَيْسَ بِخَارِجٍ مِّنْهَا,6,122,
137,21,9,أَلَيْسَ لِي مُلْكُ مِصْرَ,43,51,
137,21,10,إِذْ هُمْ عَلَيْهَا قُعُودٌ,85,6,
137,21,11,مَنْ أَسْلَمَ وَجْهَهُ لِلّهِ فَلَهُ أَجْرُهُ عِندَ رَبِّهِ,2,112,
137,21,12,وَمِنْهُم مَّنْ أَغْرَقْنَا,29,40,
137,21,13,هَلْ مِن شُرَكَائِكُم مَّن يَفْعَلُ مِن ذَلِكُم مِّن شَيْءٍ,30,40,
138,21,14,وَمِنَ الْحَقِّ مَن يَعْمَلْ بَيْنَ يَدَيْهِ بِإِذْنِ رَبِّهِ,34,12,
138,21,15,مَا أَنتَ بِمُسْمِعٍ مَّن فِي الْقُبُورِ,35,22,
138,21,16,مِنْهُم مَّنْ عَاهَدَ اللّهَ,9,75,
138,21,17,مِنَ الْأَحْزَابِ مَن يُنكِرُ بَعْضَهُ,13,36,
138,21,18,مِنَ النَّاسِ مَن يُجَادِلُ فِي اللَّهِ بِغَيْرِ عِلْمٍ,22,8,
138,21,19,إِذَا هُم مِّنْهَا يَرْكُضُونَ,21,12,
138,21,20,فَإِذَا هُم فَرِيقَانِ,27,45,
138,21,21,إِذَا أَنتُم بَشَرٌ,30,20,
138,21,22,إِذَا فَرِيقٌ مِّنْهُم بِرَبِّهِمْ يُشْرِكُونَ,30,33,
138,21,23,وَإِذْ زَيَّنَ لَهُمُ الشَّيْطَانُ أَعْمَالَهُمْ,8,48,
138,21,24,وَإِذْ وَاعَدْنَا مُوسَى أَرْبَعِينَ لَيْلَةً,2,51,
142,22,1,أَقْبَلَ بَعْضُهُمْ عَلَى بَعْضٍ يَتَسَاءَلُونَ,37,27,
142,22,2,أَوْلَائِكَ يُؤْثِرُونَ كِتَابَهُمْ,17,71,
142,22,3,قَرَأَهُ عَلَيْهِمْ,26,199,
142,22,4,أَذِنَ لَهُ الرَّحْمَنُ,20,109,
142,22,5,لَّنْ أَبْرَحَ الْأَرْضَ حَتَّى يَأْذَنَ لِي أَبِي,12,80,
142,22,6,سَأَلْتُ عِبَادِي عَنِّي,2,186,
142,22,7,يَسْأَلُونَ أَيَّانَ يَوْمُ الدِّينِ,51,12,
142,22,8,يَسْأَلُكَ النَّاسُ عَنِ السَّاعَةِ,33,63,
142,22,9,أَنشَأَكُم مِّن نَّفْسٍ وَاحِدَةٍ,6,98,
142,22,10,أَنَّبَتُهُمْ أَنشَأْتُم شَجَرَتَهَا أَمْ نَحْنُ الْمُنشِؤُونَ,56,72,
142,22,11,أَنشَأْنَا مِن بَعْدِهِمْ قُرُونًا آخَرِينَ,23,42,
142,22,12,كَانَ يَأْمُرُ أَهْلَهُ بِالصَّلَوةِ وَالزَّكَوةِ,19,55,
142,22,13,آمَنَ بِاللَّهِ وَمَلآئِكَتِهِ وَكُتُبِهِ وَرُسُلِهِ,2,285,
142,22,14,أَنُؤْمِنُ لِبَشَرَيْنِ مِثْلِنَا,23,47,
143,22,15,أَفَبِالْبَاطِلِ يُؤْمِنُونَ وَبِنِعْمَةِ اللَّهِ هُمْ يَكْفُرُونَ,16,72,
143,22,16,يُؤْثِرُونَ الْحَيَوةَ الدُّنْيَا,87,16,
143,22,17,قَدْ أَنزَلَهُ اللَّهُ عَلَيْنَا,12,91,
143,22,18,أَنْبَأَهُم بِأَسْمَائِهِمْ,2,33,
143,22,19,فَيُنَبِّئُهُم بِمَا كَانُوا يَعْمَلُونَ,6,108,
143,22,20,أَنُنبِئُكُمُ اللَّهُ بِمَا لاَ يَعْلَمُ,10,18,
143,22,21,مِّنْ أَنْبَاءِ هَذَا,66,3,
143,22,22,فَاسْتَأْذَنُوكَ لِلْخُرُوجِ,9,83,
143,22,23,إِنِّي آنَسْتُ نَارًا,20,10,
143,22,24,أَنُنبِئُكُم بِمَا تَأْكُلُونَ,3,49,
149,23,1,بِنِعْمَتِي الَّتِي أَنْعَمْتُ عَلَيْكُمْ,2,40,
149,23,2,هَذِهِ النَّارُ الَّتِي كُنتُم بِهَا تُكَذِّبُونَ,52,14,
149,23,3,آثَارُ الَّتِي وَقُودُهَا النَّاسُ وَالْحِجَارَةُ,2,24,
149,23,4,لاَ تَقْتُلُواْ النَّفْسَ الَّتِي حَرَّمَ اللَّهُ,6,151,
149,23,5,إِنَّ وَلِيِّيَ اللَّهُ الَّذِي نَزَّلَ الْكِتَابَ,7,196,
149,23,6,هُوَ الَّذِي سَخَّرَ الْبَحْرَ لِتَأْكُلُواْ مِنْهُ,16,14,
149,23,7,أَهَذَا الَّذِي بَعَثَ اللَّهُ رَسُولاً,25,41,
149,23,8,الَّذِي أَطْمَعُ أَن يَغْفِرَ لِي خَطِيئَتِي يَوْمَ الدِّينِ,26,82,
149,23,9,مَّنذَا الَّذِي يُقْرِضُ اللَّهَ قَرْضًا حَسَنًا,2,245,
149,23,10,تَبَارَكَ الَّذِي بِيَدِهِ الْمُلْكُ,67,1,
149,23,11,هُوَ الَّذِي أَخْرَجَ الَّذِينَ كَفَرُوا,59,2,
149,23,12,أَحْسَنَ كُلَّ شَيْءٍ خَلَقَهُ,32,7,
149,23,13,أُوْلَائِكَ الَّذِينَ حَبِطَتْ أَعْمَالُهُمْ فِي الدُّنْيَا وَالْآخِرَةِ,3,22,
149,23,14,لاَ تَكُونُواْ كَالَّذِينَ تَفَرَّقُواْ وَاخْتَلَفُواْ,3,105,
149,23,15,يُبَشِّرُ الْمُؤْمِنِينَ الَّذِينَ يَعْمَلُونَ الصَّالِحَاتِ أَنَّ لَهُمْ أَجْرًا كَبِيرًا,17,9,
149,23,16,يَجْعَلُ الرِّجْسَ عَلَى الَّذِينَ لاَ يَعْقِلُونَ,10,100,
149,23,17,وَيَقُولُ الَّذِينَ كَفَرُواْ لَسْتَ مُرْسَلاً,13,43,
149,23,18,إِنَّهَا شَجَرَةٌ تَخْرُجُ فِي أَصْلِ الْجَحِيمِ,37,64,
150,23,19,إِنَّا نُبَشِّرُكَ بِغُلامٍ اسْمُهُ يَحْيَى,19,7,
150,23,20,سَبْعُ بَقَرَاتٍ سِمَانٍ يَأْكُلُهُنَّ سَبْعٌ عِجَافٌ,12,43,
150,23,21,إِنَّ فِي ذَلِكَ لَآيَاتٍ لِّقَوْمٍ يَعْقِلُونَ,13,4,
150,23,22,إِنَّهُمْ فِتْيَةٌ آمَنُوا بِرَبِّهِمْ,18,13,
150,23,23,سُورَةٌ أَنزَلْنَاهَا,24,1,
150,23,24,فَأَخْرَجْنَا مِنْهُ خَضِرًا نُّخْرِجُ مِنْهُ حَبًّا,6,99,
150,23,25,عَلَى الْأَعْرَافِ رِجَالٌ يَعْرِفُونَ كُلاًّ بِسِيمَاهُمْ,7,46,
150,23,26,كَانَ مِن قَوْمٍ بَيْنَكُمْ وَبَيْنَهُم مِّيثَاقٌ,4,92,
150,23,27,أَنزَلْنَا الْحَدِيدَ فِيهِ بَأْسٌ شَدِيدٌ وَمَنَافِعُ لِلنَّاسِ,57,25,
150,23,28,أَمْ سَمِعْتُهُمْ,11,48,
153,24,1,إِنَّا نَحْنُ نَرِثُ الْأَرْضَ وَمَنْ عَلَيْهَا,19,40,
153,24,2,يَرِثُهَا عِبَادِيَ الصَّالِحُونَ,21,105,
153,24,3,أَنذَرَ مُوسَى وَقَوْمَهُ لِيُفْسِدُوا فِي الْأَرْضِ,7,127,
153,24,4,لاَ تَذَرْنِي فَرْدًا,21,89,
153,24,5,لا تَزِرُ وَازِرَةٌ وِزْرَ أُخْرَى,6,164,
153,24,6,وَسِعَ رَبِّي كُلَّ شَيْءٍ عِلْمًا,6,80,
153,24,7,وَتَصِفُ أَلْسِنَتُهُمُ الْكَذِبَ,16,62,
154,24,8,مِمَّا تَصِفُونَ,21,18,
154,24,9,فَلاَ يَصِلُونَ إِلَيْكُمَا,28,35,
154,24,10,لَّن يَصِلُواْ إِلَيْكَ,11,81,
154,24,11,وَضَعَ الْمِيزَانَ,55,7,
154,24,12,نَضَعُ الْمَوَازِينَ لِيَوْمِ الْقِيَامَةِ,21,47,
154,24,13,إِنَّ اللَّهَ وَعَدَكُمْ وَعْدَ الْحَقِّ,14,22,
154,24,14,أَلَمْ يَعِدْكُمْ رَبُّكُمْ وَعْدًا حَسَنًا,20,86,
154,24,15,أَيَعِظُكُمْ بِوَاحِدَةٍ,34,46,
154,24,16,يَعِظُكُمُ اللَّهُ,24,17,
154,24,17,وَقَعَ الْحَقُّ وَبَطَلَ مَا كَانُوا يَعْمَلُونَ,7,118,
154,24,18,وَهَبْنَا لَهُم مِّن رَّحْمَتِنَا,19,50,
154,24,19,وَهَبْ لِي رَبِّي حُكْمًا,26,21,
154,24,20,أُوْلَئِكَ يَبِئَسُوا مِن رَّحْمَتِي,29,23,
154,24,21,يَيْأَسُوا مِنَ الْآخِرَةِ,60,13,
154,24,22,هُم بِالْآخِرَةِ هُمْ يُوقِنُونَ,27,3,
154,24,23,كَانُوا بِآيَاتِنَا يُوقِنُونَ,27,82,
154,24,24,أَتَّخِذُ أَصْنَامًا آلِهَةً,6,74,
154,24,25,يَتَّخِذُ مِنكُمْ مُهْدَاءً,3,149,
154,24,26,يَتَّخِذُونَ الْكَافِرِينَ أَوْلِيَاءَ,4,139,
160,25,1,سَأَلُوا مُوسَى أَكْبَرَ مِن ذَلِكَ,4,153,
160,25,2,نَحْنُ أَكْثَرُ أَمْوَالاً وَأَوْلادًا,34,35,
160,25,3,أَأَنتُمْ أَعْلَمُ أَمِ اللَّهُ,2,140,
160,25,4,خَيْرٌ الْآخِرَةُ أَكْبَرُ,16,41,
160,25,5,هِيَ كَالْحِجَارَةِ أَوْ أَشَدُّ قَسْوَةً,2,74,
161,25,6,كَلِمَةُ الَّذِينَ كَفَرُوا السُّفْلَى وَكَلِمَةُ اللَّهِ هِيَ الْعُلْيَا,9,40,
161,25,7,إِنَّ أَرْبَحْكُمْ عِندَ اللَّهِ أَتْقَاكُمْ,49,13,
161,25,8,أَتَّبِعُكَ الْأَرْذَلُونَ,26,111,
161,25,9,أَيُّكُمْ أَحْسَنُ عَمَلاً,11,7,
161,25,10,أَدْلِكَ خَيْرٌ أَمْ جَنَّةُ الْخُلْدِ,25,15,
161,25,11,اللَّهُ خَيْرٌ وَأَبْقَى,20,73,
161,25,12,مَنْ أَضَلُّ مِمَّنْ هُوَ فِي شِقَاقٍ بَعِيدٍ,41,52,
161,25,13,قَالَتْهُ أَوْلَى بِهِمَا,4,135,
161,25,14,أَكْثَرُهُمْ لاَ يَعْقِلُونَ,5,103,
161,25,15,أَشَدُّ النَّاسِ عَدَاوَةً,5,82,
161,25,16,أَنَّتُم بِالْعُدْوَةِ الدُّنْيَا وَهُم بِالْعُدْوَةِ الْقُصْوَى,8,42,
161,25,17,فَمَنْ أَظْلَمُ مِمَّن كَذَّبَ بِآيَاتِ اللَّهِ,6,157,
161,25,18,هَلْ أُنَبِّئُكُم بِشَرٍّ مِّن ذَلِكَ,5,60,
161,25,19,لَهُ الْأَسْمَاءُ الْحُسْنَى,17,110,
161,25,20,اللَّهُ أَعْلَمُ بِمَا فِي أَنفُسِهِمْ,11,31,
161,25,21,أَصْحَابُ الْجَنَّةِ يَوْمَئِذٍ خَيْرٌ مُّسْتَقَرًّا وَأَحْسَنُ مَقِيلاً,25,24,
161,25,22,وَمَا عِندَ اللَّهِ خَيْرٌ لِلأَبْرَارِ,3,198,
161,25,23,هُوَ خَيْرُ الرَّازِقِينَ,23,72,
161,25,24,رَبُّكُمْ أَعْلَمُ بِمَا لَبِثْتُمْ,18,19,
161,25,25,ذَلِكَ أَزْكَى لَهُمْ,24,30,
162,25,26,لَخَلْقُ السَّمَاوَاتِ وَالْأَرْضِ أَكْبَرُ مِنْ خَلْقِ النَّاسِ,40,57,
162,25,27,وَلَكِنَّ أَكْثَرَ النَّاسِ لاَ يَعْلَمُونَ,39,18,
162,25,28,يَسْتَمِعُونَ الْقَوْلَ وَيَتَّبِعُونَ أَحْسَنَهُ,56,85,
162,25,29,نَحْنُ أَقْرَبُ إِلَيْهِ مِنْكُمْ,0,0,
165,26,1,أَحَلَّ اللَّهُ الْبَيْعَ وَحَرَّمَ الرِّبَوَا,2,275,
165,26,2,يُحِلُّونَهُ عَامًا وَيُحَرِّمُونَهُ عَامًا,9,37,
165,26,3,يُقَاتِلُونَكُمْ حَتَّى يَرُدُّوكُمْ عَنْ دِينِكُمْ,2,217,
165,26,4,فَرَدَدْنَاهُ إِلَى أُمِّهِ,28,13,
165,26,5,مَسَّهُ الشَّرُّ,17,83,
165,26,6,مَسَّ الْإِنْسَانَ الضُّرُّ,10,12,
165,26,7,نَحْنُ نَقُصُّ عَلَيْكَ نَبَأَهُمْ بِالْحَقِّ,18,13,
165,26,8,قَدْ قَصَصْنَاهُمْ عَلَيْكَ مِنْ قَبْلُ,4,164,
165,26,9,كُنَّا قَوْمًا ضَالِّينَ,23,106,
165,26,10,يُضِلُّونَ عَنْ سَبِيلِ اللَّهِ,38,26,
165,26,11,وَيُضِلُّ اللَّهُ الظَّالِمِينَ,14,27,
165,26,12,يُضِلُّونَهُمْ بِغَيْرِ عِلْمٍ,16,25,
165,26,13,فَقَالَ لَهُ فِرْعَوْنُ إِنِّي لَأَظُنُّكَ يَا مُوسَى مَسْحُورًا,17,101,
166,26,14,ظَنَنْتُمْ أَنَّ اللَّهَ لَا يَعْلَمُ كَثِيرًا مِمَّا تَعْمَلُونَ,41,22,
166,26,15,مَا لَا يَنْفَعُنَا وَلَا يَضُرُّنَا,6,71,
166,26,16,لَا تَضُرُّونَهُ شَيْئًا,11,57,
166,26,17,ثُمَّ أَضْطَرُّهُ إِلَى عِذَابِ النَّارِ,2,126,
166,26,18,أَعَدَّ لِلْكَافِرِينَ عَذَابًا أَلِيمًا,33,8,
166,26,19,أَعَدَّ اللَّهُ لَهُمْ جَنَّاتٍ,9,89,
166,26,20,كُنَّا نَعُدُّهُمْ مِنَ الْأَشْرَارِ,38,62,
166,26,21,إِنَّ يَوْمًا عِنْدَ رَبِّكَ كَأَلْفِ سَنَةٍ مِمَّا تَعُدُّونَ,22,47,
166,26,22,إِنَّ اللَّهَ لَا يُحِبُّ الْمُفْسِدِينَ,28,77,
166,26,23,فَلِمَ تُحَاجُّونَ فِي مَا لَيْسَ لَكُمْ بِهِ عِلْمٌ,3,66,
166,26,24,أَتُحَاجُّونَنَا فِي اللَّهِ,2,139,
166,26,25,إِنَّهُمْ لَيَصُدُّونَهُمْ عَنِ السَّبِيلِ,43,37,
166,26,26,كَأَيِّنْ مِنْ آيَةٍ فِي السَّمَاوَاتِ وَالْأَرْضِ يَمُرُّونَ عَلَيْهَا,12,105,
170,27,1,مَنْ يَغْفِرُ الذُّنُوبَ إِلَّا اللَّهُ,3,135,
170,27,2,لَا يَذْكُرُونَ اللَّهَ إِلَّا قَلِيلًا,4,142,
170,27,3,إِنْ هُوَ إِلَّا نَذِيرٌ مُبِينٌ,7,184,
170,27,4,مَا يَتَّبِعُ أَكْثَرُهُمْ إِلَّا ظَنًّا,10,36,
170,27,5,لَنْ يُؤْمِنَ مِنْ قَوْمِكَ إِلَّا مَنْ قَدْ آمَنَ,11,36,
170,27,6,مَا نُؤَخِّرُهُ إِلَّا لِأَجَلٍ مَعْدُودٍ,11,104,
170,27,7,مَا شَهِدْنَا إِلَّا بِمَا عَلِمْنَا,12,81,
170,27,8,مَا أَرْسَلْنَا مِنْ رَسُولٍ إِلَّا بِلِسَانِ قَوْمِهِ,14,4,
170,27,9,مَا خَلَقْنَا السَّمَاوَاتِ وَالْأَرْضَ وَمَا بَيْنَهُمَا إِلَّا بِالْحَقِّ,15,85,
170,27,10,إِنْ نَحْنُ إِلَّا بَشَرٌ مِثْلُكُمْ,14,11,
171,27,11,فَاتَّبَعُوهُ إِلَّا فَرِيقًا مِنَ الْمُؤْمِنِينَ,34,20,
171,27,12,مَا يُؤْمِنُ أَكْثَرُهُمْ بِاللَّهِ إِلَّا وَهُمْ مُشْرِكُونَ,12,106,
171,27,13,مَا يَعْبُدُونَ إِلَّا كَمَا يَعْبُدُ آبَاؤُهُمْ,11,109,
171,27,14,مَا نُنَزِّلُهُ إِلَّا بِقَدَرٍ مَعْلُومٍ,15,21,
171,27,15,مَا أَرْسَلْنَا مِنْ قَبْلِكَ إِلَّا رِجَالًا,16,43,
171,27,16,يَقُولُ الظَّالِمُونَ إِنْ تَتَّبِعُونَ إِلَّا رَجُلًا مَسْحُورًا,17,47,
171,27,17,مَا نَتَنَزَّلُ إِلَّا بِأَمْرِ رَبِّكَ,19,64,
171,27,18,إِنْ هُمْ إِلَّا كَالْأَنْعَامِ,25,44,
171,27,19,لَبِثَ فِيهِمْ أَلْفَ سَنَةٍ إِلَّا خَمْسِينَ عَامًا,29,14,
171,27,20,مَا يَعْقِلُهَا إِلَّا الْعَالِمُونَ,29,43,
171,27,21,مَا تَحْمِلُ مِنْ أُنْثَى وَلَا تَضَعُ إِلَّا بِعِلْمِهِ,41,47,
171,27,22,إِنْ مِنْ قَرْيَةٍ إِلَّا نَحْنُ مُهْلِكُوهَا قَبْلَ يَوْمِ الْقِيَامَةِ,17,58,
171,27,23,لَا يَأْكُلُهُ إِلَّا الْخَاطِئُونَ,69,37,
171,27,24,مَا هَذَا إِلَّا إِفْكٌ,34,43,
171,27,25,مَا مُحَمَّدٌ إِلَّا رَسُولٌ,3,144,
171,27,26,مَا مِنْ دَابَّةٍ فِي الْأَرْضِ إِلَّا عَلَى اللَّهِ رِزْقُهَا,11,6,
178,28,1,لَا تَخَافِي وَلَا تَحْزَنِي,28,7,
178,28,2,أَفَلَمْ يَسِيرُوا فِي الْأَرْضِ,40,82,
178,28,3,سَاءَتْ مُسْتَقَرًّا,25,66,
178,28,4,شَاءَ مَا كَانُوا يَعْمَلُونَ,58,15,
178,28,5,مَا تَشَاءُونَ إِلَّا أَنْ يَشَاءَ اللَّهُ,76,30,
179,28,6,نُصِيبُ بِرَحْمَتِنَا مَنْ نَشَاءُ,12,56,
179,28,7,سَيُصِيبُ الَّذِينَ كَفَرُوا مِنْهُمْ عَذَابٌ أَلِيمٌ,9,90,
179,28,8,جَاءُوهُمْ بِالْبَيِّنَاتِ,10,74,
179,28,9,أَجِئْتَنَا لِنَعْبُدَ اللَّهَ وَحْدَهُ,7,70,
179,28,10,أَتُرِيدُ أَنْ تَقْتُلَنِي كَمَا قَتَلْتَ نَفْسًا بِالْأَمْسِ,28,19,
179,28,11,لَمْ يُرِدْ إِلَّا الْحَيَوَةَ الدُّنْيَا,53,29,
179,28,12,أَرَدْنَا أَنْ يُبْدِلَهُمَا رَبُّهُمَا خَيْرًا مِنْهُ,18,81,
179,28,13,مَا كَانُوا يَسْتَطِيعُونَ السَّمْعَ,11,20,
179,28,14,قَالُوا سَمِعْنَا وَأَطَعْنَا,2,285,
179,28,15,سَنُطِيعُكُمْ فِي بَعْضِ الْأَمْرِ,47,26,
179,28,16,وَمِنْ آيَاتِهِ أَنْ تَقُومَ السَّمَاءُ,30,25,
179,28,17,فَلْتَقُمْ طَائِفَةٌ مِنْهُمْ مَعَكَ,4,102,
179,28,18,لَا نُقِيمُ لَهُمْ يَوْمَ الْقِيَامَةِ وَزْنًا,18,105,
179,28,19,لَا يَذُوقُونَ فِيهَا بَرْدًا وَلَا شَرَابًا,78,24,
179,28,20,ذَاقَتْ وَبَالَ أَمْرِهَا,65,9,
179,28,21,يَسْتَجِيبُ الَّذِينَ آمَنُوا وَعَمِلُوا الصَّالِحَاتِ,42,26,
179,28,22,فَاسْتَجَابَ لَهُ رَبُّهُ فَصَرَفَ عَنْهُ كَيْدَهُنَّ,12,34,
179,28,23,يَقُولُ مَا ذَا أَجَبْتُمُ الْمُرْسَلِينَ,28,65,
179,28,24,أَحَطْتُ بِمَا لَمْ تُحِطْ بِهِ,27,22,
183,29,1,قَالَ مُوسَى لِقَوْمِهِ يَا قَوْمِ إِنَّكُمْ ظَلَمْتُمْ,2,54,
183,29,2,يَا مَرْيَمُ إِنَّ اللَّهَ يُبَشِّرُكِ بِكَلِمَةٍ مِنْهُ,3,45,
183,29,3,يَا مُوسَى إِنَّا لَنْ نَدْخُلَهَا أَبَدًا,5,24,
183,29,4,يَا بَنِي آدَمَ قَدْ أَنْزَلْنَا عَلَيْكُمْ لِبَاسًا,7,26,
183,29,5,قَالَ يَا نُوحُ إِنَّهُ لَيْسَ مِنْ أَهْلِكَ,11,46,
183,29,6,يَا أَهْلَ الْكِتَابِ لِمَ تَكْفُرُونَ بِآيَاتِ اللَّهِ,3,70,
183,29,7,يَا دَاوُودُ إِنَّا جَعَلْنَاكَ خَلِيفَةً فِي الْأَرْضِ,38,26,
183,29,8,يَا عِبَادِيَ الَّذِينَ آمَنُوا إِنَّ أَرْضِي وَاسِعَةٌ,29,56,
183,29,9,يَا أَهْلَ الْكِتَابِ لَسْتُمْ عَلَى شَيْءٍ,5,68,
183,29,10,يَا عِيسَى ابْنَ مَرْيَمَ هَلْ يَسْتَطِيعُ رَبُّكَ أَنْ يُنَزِّلَ عَلَيْنَا,5,112,
184,29,11,يَا قَوْمِ لَيْسَ بِي ضَلَالَةٌ,7,61,
184,29,12,قَالَ يَا قَوْمِ لَقَدْ أَبْلَغْتُكُمْ رِسَالَةَ رَبِّي,7,79,
184,29,13,يَا أَهْلَ الْكِتَابِ لِمَ تَصُدُّونَ عَنْ سَبِيلِ اللَّهِ مَنْ آمَنَ,3,99,
184,29,14,يَا قَوْمِ لَا أَسْأَلُكُمْ عَلَيْهِ أَجْرًا,11,51,
184,29,15,يَا أَبَتِ لِمَ تَعْبُدُ مَا لَا يَسْمَعُ,19,42,
184,29,16,يَا قَوْمِ أَرَهْطِي أَعَزُّ عَلَيْكُمْ مِنَ اللَّهِ,11,92,
184,29,17,يَا قَوْمِ هَؤُلَاءِ بَنَاتِي,11,78,
184,29,18,قَالَ مُوسَى يَا فِرْعَوْنُ إِنِّي رَسُولٌ مِنْ رَبِّ الْعَالَمِينَ,7,104,
184,29,19,قَالُوا يَا نُوحُ قَدْ جَادَلْتَنَا فَأَكْثَرْتَ جِدَالَنَا,11,32,
184,29,20,يَا أَيُّهَا النَّاسُ قَدْ جَاءَكُمْ بُرْهَانٌ مِنْ رَبِّكُمْ,4,174,
184,29,21,يَا أَيُّهَا الرَّسُولُ لَا يَحْزُنْكَ الَّذِينَ يُسَارِعُونَ فِي الْكُفْرِ,5,41,
184,29,22,يَا أَيُّهَا النَّاسُ أَنْتُمُ الْفُقَرَاءُ إِلَى اللَّهِ,35,15,
184,29,23,يَا أَيُّهَا الَّذِينَ آمَنُوا لِمَ تَقُولُونَ مَا لَا تَفْعَلُونَ,61,2,
184,29,24,يَا أَيُّهَا الَّذِينَ كَفَرُوا لَا تَعْتَذِرُوا الْيَوْمَ,66,7,
192,30,1,أَتَتْ بِهِ قَوْمَهَا,19,27,
192,30,2,تَأْتِيَهُمُ السَّاعَةُ بَغْتَةً وَهُمْ لَا يَشْعُرُونَ,12,107,
192,30,3,كَمْ آتَيْنَاهُمْ مِنْ آيَةٍ بَيِّنَةٍ,2,211,
192,30,4,يُقِيمُونَ الصَّلَوَةَ وَيُؤْتُونَ الزَّكَوٰةَ,5,55,
192,30,5,إِنِّي أَرَاكَ وَقَوْمَكَ فِي ضَلَالٍ مُبِينٍ,6,74,
192,30,6,أَفَرَأَيْتُمُ الْمَاءَ الَّذِي تَشْرَبُونَ,56,68,
192,30,7,أُولَئِكَ يَرْجُونَ رَحْمَةَ اللَّهِ,2,218,
192,30,8,إِنِّي دَعَوْتُ قَوْمِي لَيْلًا وَنَهَارًا,71,5,
192,30,9,وَسَيَجْزِي اللَّهُ الشَّاكِرِينَ,3,144,
193,30,10,خَلَقَكُم مِّن طِينٍ ثُمَّ قَضَىٰٓ أَجَلًا,6,2,
193,30,11,يَمْشُونَ عَلَى ٱلْأَرْضِ,25,63,
193,30,12,يَأْكُلُ ٱلطَّعَامَ وَيَمْشِى فِى ٱلْأَسْوَاقِ,25,7,
193,30,13,ٱلْيَوْمَ نَنسَىٰهُمْ كَمَا نَسُوا۟ لِقَآءَ يَوْمِهِمْ هَـٰذَا,7,51,
193,30,14,لَا يَخْشَوْنَ أَحَدًا إِلَّا ٱللَّهَ,33,39,
193,30,15,هُوَ سَمَّىٰكُمُ ٱلْمُسْلِمِينَ,22,78,
193,30,16,فَنَادَتْهُ ٱلْمَلَـٰٓئِكَةُ وَهُوَ قَآئِمٌ يُصَلِّى,3,39,
193,30,17,هَدَيْنَـٰهُمْ إِلَىٰ صِرَٰطٍ مُّسْتَقِيمٍ,6,87,
193,30,18,إِنَّ ٱللَّهَ لَا يَهْدِى مَنْ هُوَ كَـٰذِبٌ كَفَّارٌ,39,3,
193,30,19,أَلْقَىٰ عَصَاهُ,7,107,
193,30,20,سَنُلْقِى فِى قُلُوبِ ٱلَّذِينَ كَفَرُوا۟ ٱلرُّعْبَ,3,151,
193,30,21,أَنجَيْنَا ٱلَّذِينَ ءَامَنُوا۟ وَكَانُوا۟ يَتَّقُونَ,27,53,
193,30,22,أَوْفَىٰ بِعَهْدِهِۦ وَٱتَّقَىٰ,3,76,
193,30,23,أَفَرَءَيْتَ ٱلَّذِى تَوَلَّىٰ وَأَعْطَىٰ قَلِيلًا,53,34,
193,30,24,تَوَلَّىٰ عَنْهُمْ وَقَالَ يَـٰقَوْمِ لَقَدْ أَبْلَغْتُكُمْ رِسَـٰلَـٰتِ رَبِّى,7,93,
193,30,25,ثُمَّ يَتَوَلَّىٰ فَرِيقٌ مِّنْهُمْ وَهُم مُّعْرِضُونَ,3,23,
197,31,1,لِكُلِّ وَٰحِدٍ مِّنْهُمَا ٱلسُّدُسُ,4,11,
197,31,2,مَا يَكُونُ مِن نَّجْوَىٰ ثَلَـٰثَةٍ إِلَّا هُوَ رَابِعُهُمْ,58,7,
197,31,3,رَابِعُهُمْ كَلْبُهُمْ,18,22,
197,31,4,لَكُمُ ٱلرُّبُعُ مِمَّا تَرَكْنَ,4,12,
197,31,5,لِأُمِّهِ ٱلثُّلُثُ,4,11,
197,31,6,لَهُنَّ ثُلُثَا مَا تَرَكَ,4,11,
197,31,7,لَّقَدْ كَفَرَ ٱلَّذِينَ قَالُوٓا۟ إِنَّ ٱللَّهَ ثَالِثُ ثَلَـٰثَةٍ,5,73,
197,31,8,أَنَا۠ أَوَّلُ ٱلْعَـٰبِدِينَ,43,81,
197,31,9,لَا تَكُونُوٓا۟ أَوَّلَ كَافِرٍۭ بِهِ,2,41,
197,31,10,إِنَّ هَـٰذَا لَفِى ٱلصُّحُفِ ٱلْأُولَىٰ,87,18,
197,31,11,أَلَمْ نُهْلِكِ ٱلْأَوَّلِينَ,77,16,
197,31,12,جَاءَ وَعْدُ أُولَىٰهُمَا,17,5,
197,31,13,وَيَقُولُونَ سَبْعَةٌ وَثَامِنُهُمْ كَلْبُهُمْ,18,22,
197,31,14,لَهُنَّ ٱلثُّمُنُ مِمَّا تَرَكْتُمْ,4,12,
197,31,15,مَا بَلَغُوا۟ مِعْشَارَ مَآ ءَاتَيْنَـٰهُمْ,34,45,
197,31,16,إِنَّ رَبَّكَ يَعْلَمُ أَنَّكَ تَقُومُ أَدْنَىٰ مِن ثُلُثَىِ ٱلَّيْلِ,73,20,
197,31,17,لَكُم نِّصْفُ مَا تَرَكَ أَزْوَٰجُكُمْ,4,12,
197,31,18,رَضِىَ ٱللَّهُ عَنْهُمْ وَرَضُوا۟ عَنْهُ,58,22,
197,31,19,فَأَرَىٰهُ ٱلْـَٔايَةَ ٱلْكُبْرَىٰ,79,20,
198,31,20,كَذَٰلِكَ يُرِيهِمُ ٱللَّهُ أَعْمَـٰلَهُمْ,2,167,
198,31,21,أَوَلَمْ يَكْفِهِمْ أَنَّآ أَنزَلْنَا عَلَيْكَ ٱلْكِتَـٰبَ,29,51,
198,31,22,كَفَىٰ بِٱللَّهِ وَلِيًّا,4,45,
198,31,23,كَفَىٰ بِٱللَّهِ شَهِيدًۢا بَيْنَنَا وَبَيْنَكُمْ,10,29,
198,31,24,لَيْسَ عَلَيْكُمْ جُنَاحٌ أَن تَبْتَغُوا۟ فَضْلًا مِّن رَّبِّكُمْ,2,198,
202,32,1,أَعْرِضْ عَنْهُمْ وَتَوَكَّلْ عَلَى ٱللَّهِ,4,81,
202,32,2,خُذُوا۟ مَآ ءَاتَيْنَـٰكُم بِقُوَّةٍ وَٱذْكُرُوا۟ مَا فِيهِ,2,63,
202,32,3,اُسْكُنْ أَنتَ وَزَوْجُكَ ٱلْجَنَّةَ وَكُلَا مِنْهَا,2,35,
203,32,4,وَأْمُرْ أَهْلَكَ بِٱلصَّلَوٰةِ وَٱصْطَبِرْ عَلَيْهَا,20,132,
203,32,5,ءَامِنُوا۟ بِٱللَّهِ وَرَسُولِهِۦ,57,7,
203,32,6,بَشِّرِ ٱلْمُنَـٰفِقِينَ بِأَنَّ لَهُمْ عَذَابًا أَلِيمًا,4,138,
203,32,7,اِسْتَغْفِرِى لِذَنۢبِكِ,12,29,
203,32,8,ٱجْعَلُوا۟ بُيُوتَكُمْ قِبْلَةً وَأَقِيمُوا۟ ٱلصَّلَوٰةَ,10,87,
203,32,9,إِنَّ ٱلشَّيْطَـٰنَ لَكُمْ عَدُوٌّ فَٱتَّخِذُوهُ عَدُوًّا,35,6,
203,32,10,أَنذِرْ قَوْمَكَ مِن قَبْلِ أَن يَأْتِيَهُمْ عَذَابٌ أَلِيمٌ,71,1,
203,32,11,ٱتَّقُوا۟ ٱللَّهَ وَكُونُوا۟ مَعَ ٱلصَّـٰدِقِينَ,9,119,
203,32,12,رَبِّ ٱجْعَلْ هَـٰذَا بَلَدًا ءَامِنًا وَٱرْزُقْ أَهْلَهُۥ مِنَ ٱلثَّمَرَٰتِ,2,126,
203,32,13,رُدُّوهُ إِلَى ٱللَّهِ وَٱلرَّسُولِ,4,59,
203,32,14,أَرُونِى مَا ذَا خَلَقُوا۟ مِنَ ٱلْأَرْضِ,46,4,
203,32,15,قُمْ فَأَنذِرْ,74,2,
203,32,16,قُلْ تَمَتَّعْ بِكُفْرِكَ قَلِيلًا إِنَّكَ مِنْ أَصْحَـٰبِ ٱلنَّارِ,39,8,
203,32,17,قَالَ رَبِّ ٱنصُرْنِى عَلَى ٱلْقَوْمِ ٱلْمُفْسِدِينَ,29,30,
203,32,18,أَوْفِ لَنَا ٱلْكَيْلَ وَتَصَدَّقْ عَلَيْنَآ,12,88,
203,32,19,ٱعْمَلُوا۟ مَا شِئْتُمْ ۖ إِنَّهُۥ بِمَا تَعْمَلُونَ بَصِيرٌ,41,40,
203,32,20,أَخْرِجُوٓا۟ ءَالَ لُوطٍ مِّن قَرْيَتِكُمْ,27,56,
203,32,21,فَأْتُوا۟ بِسُورَةٍ مِّن مِّثْلِهِۦ وَٱدْعُوا۟ شُهَدَآءَكُم,2,23,
203,32,22,يَقُولُونَ سَلَـٰمٌ عَلَيْكُمُ ٱدْخُلُوا۟ ٱلْجَنَّةَ بِمَا كُنتُمْ تَعْمَلُونَ,16,32,
203,32,23,قُلْ أَطِيعُوا۟ ٱللَّهَ وَٱلرَّسُولَ,3,32,
203,32,24,اِصْبِرْ عَلَىٰ مَا يَقُولُونَ وَٱهْجُرْهُمْ هَجْرًا جَمِيلًا,73,10,
203,32,25,قُلْ سِيرُوا۟ فِى ٱلْأَرْضِ فَٱنظُرُوا۟ كَيْفَ بَدَأَ ٱلْخَلْقَ,29,20,
207,33,1,أُخْرِجُوا۟ مِن دِيَـٰرِهِمْ,3,195,
207,33,2,أُخِذُوا۟ مِن مَّكَانٍ قَرِيبٍ,34,51,
207,33,3,مَآ أُوتِيتُم مِّنَ ٱلْعِلْمِ إِلَّا قَلِيلًا,17,85,
208,33,4,لَن نُّؤْمِنَ حَتَّىٰ نُؤْتَىٰ مِثْلَ مَآ أُوتِىَ رُسُلُ ٱللَّهِ,6,124,
208,33,5,جِا۟ي۟ءَ بِٱلنَّبِيِّـۧنَ وَٱلشُّهَدَآءِ وَقُضِىَ بَيْنَهُم,39,69,
208,33,6,سَتُدْعَوْنَ إِلَىٰ قَوْمٍ أُو۟لِى بَأْسٍ شَدِيدٍ,48,16,
208,33,7,أُغْشِيَتْ وُجُوهُهُمْ قِطَعًا مِّنَ ٱلَّيْلِ,10,27,
208,33,8,ثُمَّ تُوَفَّىٰ كُلُّ نَفْسٍ مَّا كَسَبَتْ وَهُمْ لَا يُظْلَمُونَ,2,281,
208,33,9,لَقَدْ وُعِدْنَا نَحْنُ وَءَابَآؤُنَا هَـٰذَا مِن قَبْلُ,23,83,
208,33,10,يَرَوْنَ مَا يُوعَدُونَ,46,35,
208,33,11,أُوحِىَ إِلَيْنَآ أَنَّ ٱلْعَذَابَ عَلَىٰ مَن كَذَّبَ وَتَوَلَّىٰ,20,48,
208,33,12,لَقَدِ ٱسْتُهْزِئَ بِرُسُلٍ مِّن قَبْلِكَ,21,41,
208,33,13,هَلْ يُهْلَكُ إِلَّا ٱلْقَوْمُ ٱلظَّـٰلِمُونَ,6,47,
208,33,14,قُولُوٓا۟ ءَامَنَّا بِٱلَّذِىٓ أُنزِلَ إِلَيْنَا,29,46,
208,33,15,هُمْ لَا يُنصَرُونَ,41,16,
208,33,16,لَا تَظْلِمُونَ وَلَا تُظْلَمُونَ,2,279,
208,33,17,يُرْزَقُونَ فِيهَا بِغَيْرِ حِسَابٍ,40,40,
208,33,18,هَـٰذِهِۦ بِضَـٰعَتُنَا رُدَّتْ إِلَيْنَا,12,65,
208,33,19,لَا تَأْكُلُوا۟ مِمَّا لَمْ يُذْكَرِ ٱسْمُ ٱللَّهِ عَلَيْهِ,6,121,
208,33,20,هَلْ تُجْزَوْنَ إِلَّا بِمَا كُنتُمْ تَكْسِبُونَ,10,52,
208,33,21,هَـٰذَا بَلَـٰغٌ لِّلنَّاسِ وَلِيُنذَرُوا۟ بِهِ,14,52,
208,33,22,أُو۟لَـٰٓئِكَ يُنَادَوْنَ مِن مَّكَانٍۭ بَعِيدٍ,41,44,
208,33,23,قَدْ كُذِّبَ رُسُلٌ مِّن قَبْلِكَ جَآءُو بِٱلْبَيِّنَـٰتِ,3,184,
208,33,24,أُبَلِّغُكُمْ مَّآ أُرْسِلْتُ بِهِ,46,23,
209,33,25,يُنفَخُ فِى ٱلصُّورِ,6,73,
209,33,26,ٱتَّقُوا۟ ٱلنَّارَ ٱلَّتِىٓ أُعِدَّتْ لِلْكَـٰفِرِينَ,3,131,
209,33,27,ظَنُّوٓا۟ أَنَّهُمْ أُحِيطَ بِهِمْ,10,22,
209,33,28,إِنَّ هَـٰذَا لَشَىْءٌ يُرَادُ,38,6,
216,34,1,يَوْمَ تَشْهَدُ عَلَيْهِمْ أَلْسِنَتُهُمْ,24,24,
216,34,2,يَوْمَ نَحْشُرُهُمْ جَمِيعًا,10,28,
216,34,3,يَوْمَ خَلَقَ ٱلسَّمَـٰوَٰتِ وَٱلْأَرْضَ,9,36,
216,34,4,يَوْمَ يَسْمَعُونَ ٱلصَّيْحَةَ,50,42,
216,34,5,يَوْمَ هُمْ عَلَى ٱلنَّارِ يُفْتَنُونَ,51,13,
216,34,6,يَوْمَ يُنفَخُ فِى ٱلصُّورِ,6,73,
216,34,7,يَوْمَ يَفِرُّ ٱلْمَرْءُ مِنْ أَخِيهِ,80,34,
216,34,8,أَبُونَا شَيْخٌ كَبِيرٌ,28,23,
216,34,9,تَبَّتْ يَدَآ أَبِى لَهَبٍ,111,1,
216,34,10,ٱرْجِعُوٓا۟ إِلَىٰٓ أَبِيكُمْ فَقُولُوا۟ يَـٰٓأَبَانَآ إِنَّ ٱبْنَكَ سَرَقَ,12,81,
216,34,11,قَالَ لِأَبِيهِ وَقَوْمِهِۦ مَا ذَا تَعْبُدُونَ,37,85,
216,34,12,مَا كَانَ أَبُوكِ ٱمْرَأَ سَوْءٍ,19,28,
216,34,13,كَانَ أَبَوَاهُ مُؤْمِنَيْنِ,18,80,
216,34,14,أُخْرِجَ أَبَوَيْكُم مِّنَ ٱلْجَنَّةِ,7,27,
216,34,15,قَالَ لَهُمْ أَخُوهُمْ نُوحٌ أَلَا تَتَّقُونَ,26,106,
216,34,16,أَرْسَلْنَا مُوسَىٰ وَأَخَاهُ هَـٰرُونَ بِـَٔايَـٰتِنَا,23,45,
216,34,17,هَلْ ءَامَنُكُمْ عَلَيْهِ إِلَّا كَمَآ أَمِنتُكُمْ عَلَىٰٓ أَخِيهِ,12,64,
217,34,18,فَأَصْلِحُوا۟ بَيْنَ أَخَوَيْكُمْ,49,10,
217,34,19,إِنَّ رَبَّكَ وَٰسِعُ ٱلْمَغْفِرَةِ,53,32,
217,34,20,إِنَّ ٱللَّهَ قَوِىٌّ شَدِيدُ ٱلْعِقَابِ,8,52,
217,34,21,وَلَا ٱلَّيْلُ سَابِقُ ٱلنَّهَارِ,36,40,
217,34,22,ٱلْمَلَـٰٓئِكَةُ بَاسِطُوٓا۟ أَيْدِيهِمْ,6,93,
217,34,23,ٱلْيَوْمَ نَخْتِمُ عَلَىٰٓ أَفْوَٰهِهِمْ,36,65,
217,34,24,يَـٰٓأَيُّهَا ٱلَّذِينَ ءَامَنُوا۟ لَا تَدْخُلُوا۟ بُيُوتًا غَيْرَ بُيُوتِكُمْ,24,27,
217,34,25,أَفَغَيْرَ ٱللَّهِ أَبْتَغِى حَكَمًا,6,114,
217,34,26,إِنَّ لَكَ لَأَجْرًا غَيْرَ مَمْنُونٍ,68,3,
217,34,27,ٱلسَّلَـٰمُ عَلَىَّ يَوْمَ وُلِدتُّ وَيَوْمَ أَمُوتُ,19,33,
225,35,1,أَفَمَن يُلْقَىٰ فِى ٱلنَّارِ خَيْرٌ أَم مَّن يَأْتِىٓ ءَامِنًا يَوْمَ ٱلْقِيَـٰمَةِ,41,40,
225,35,2,أَخَذَتْهُمُ ٱلصَّيْحَةُ مُصْبِحِينَ,15,83,
225,35,3,أَتَوْهُۥ دَٰخِرِينَ,27,87,
225,35,4,فَٱعْبُدِ ٱللَّهَ مُخْلِصًا لَّهُ ٱلدِّينَ,39,2,
225,35,5,خَرُّوا لَهُۥ سُجَّدًا,12,106,
225,35,6,لَا غَالِبَ لَكُمُ ٱلْيَوْمَ,8,48,
225,35,7,لَا مَلْجَأَ مِنَ ٱللَّهِ إِلَّآ إِلَيْهِ,9,118,
225,35,8,لَا عِلْمَ لَنَآ إِلَّا مَا عَلَّمْتَنَا,2,32,
225,35,9,لَا جُنَاحَ عَلَيْكُمْ فِيمَا تَرَٰضَيْتُم بِهِۦ,4,24,
225,35,10,لَا جِدَالَ فِى ٱلْحَجِّ,2,197,
225,35,11,ثُمَّ ٱزْدَادُوا كُفْرًا,3,90,
225,35,12,قُلِ ٱللَّهُ أَسْرَعُ مَكْرًا,10,21,
225,35,13,وَٱللَّهُ أَشَدُّ بَأْسًا,4,84,
225,35,14,أَيُّهُمْ أَحْسَنُ عَمَلًا,18,7,
225,35,15,إِنَّهُمْ يَكِيدُونَ كَيْدًا,86,15,
225,35,16,يَفْعَلُونَ عَمَلًا دُونَ ذَٰلِكَ,21,82,
225,35,17,تُحِبُّونَ ٱلْمَالَ حُبًّا جَمًّا,89,20,
225,35,18,مَا كُنتُمْ إِيَّانَا تَعْبُدُونَ,10,28,
225,35,19,نَّرْزُقُهُمْ وَإِيَّاكُمْ,17,31,
225,35,20,لَا تَقْتُلُوٓا أَوْلَـٰدَكُمْ خَشْيَةَ إِمْلَـٰقٍ,17,31,
226,35,21,مَا تُنفِقُونَ إِلَّا ٱبْتِغَآءَ وَجْهِ ٱللَّهِ,2,272,
226,35,22,إِنَّ ٱلْعِزَّةَ لِلَّهِ جَمِيعًا,4,139,
226,35,23,دَعَا رَبَّهُۥ مُنِيبًا إِلَيْهِ,39,8,
226,35,24,ذَهَبَ مُغَـٰضِبًا,21,87,
226,35,25,إرْجِعِىٓ إِلَىٰ رَبِّكِ رَاضِيَةً مَّرْضِيَّةً,89,28,
226,35,26,فَجَمَعْنَـٰهُمْ جَمْعًا,18,99,
226,35,27,لَا جَرَمَ أَنَّ لَهُمُ ٱلنَّارَ,16,62,
226,35,28,يُخْرِجُكُمْ إِخْرَاجًا,71,18,
238,36,1,إِن كُنتُمْ فِى رَيْبٍ مِّمَّا نَزَّلْنَا عَلَىٰ عَبْدِنَا فَأْتُوا بِسُورَةٍ,2,23,
238,36,2,إِن تَأْمَنْهُ بِدِينَارٍ لَّا يُؤَدِّهِۦٓ إِلَيْكَ,3,75,
238,36,3,إِن كَذَّبُوكَ فَقَدْ كُذِّبَ رُسُلٌ مِّن قَبْلِكَ,3,184,
238,36,4,إِن تَجْتَنِبُوا كَبَآئِرَ مَا تُنْهَوْنَ عَنْهُ نُكَفِّرْ عَنكُمْ سَيِّـَٔاتِكُمْ,4,31,
238,36,5,وَإِن تُعْرِضْ عَنْهُمْ فَلَن يَضُرُّوكَ شَيْـًٔا,5,42,
238,36,6,إِن جَـٰدَلُوكَ فَقُلِ ٱللَّهُ أَعْلَمُ بِمَا تَعْمَلُونَ,22,68,
238,36,7,إِن تُخْرَجْنَا فَإِنَّا ظَـٰلِمُونَ,23,107,
238,36,8,إِن نَّشَأْ نُغْرِقْهُمْ,36,43,
238,36,9,أَلْقُوهُ فِى غَيَـٰبَتِ ٱلْجُبِّ يَلْتَقِطْهُ بَعْضُ ٱلسَّيَّارَةِ,12,10,
238,36,10,هُزِّىٓ إِلَيْكِ بِجِذْعِ ٱلنَّخْلَةِ تُسَـٰقِطْ عَلَيْكِ رُطَبًا,19,25,
238,36,11,أَرْسِلْهُ مَعَنَا غَدًا يَرْتَعْ وَيَلْعَبْ,12,12,
239,36,12,ذَرُوهَا تَأْكُلْ فِىٓ أَرْضِ ٱللَّهِ,7,73,
239,36,13,ذَٰلِكُمْ خَيْرٌ لَّكُمْ إِن كُنتُمْ تَعْلَمُونَ,61,11,
239,36,14,هَاتُوا بُرْهَـٰنَكُمْ إِن كُنتُمْ صَـٰدِقِينَ,2,111,
239,36,15,إِذَا تَوَلَّىٰ سَعَىٰ فِى ٱلْأَرْضِ لِيُفْسِدَ فِيهَا,2,205,
239,36,16,إِذَا قَضَيْتُمُ ٱلصَّلَوٰةَ فَٱذْكُرُوا ٱللَّهَ قِيَـٰمًا وَقُعُودًا,4,103,
239,36,17,إِذَا جَآءَ أَجَلُهُمْ لَا يَسْتَـْٔخِرُونَ سَاعَةً وَلَا يَسْتَقْدِمُونَ,16,61,
239,36,18,إِذَا يُتْلَىٰ عَلَيْهِمْ يَخِرُّونَ لِلْأَذْقَانِ سُجَّدًا,17,107,
239,36,19,وَلَوْ شَآءَ ٱللَّهُ لَذَهَبَ بِسَمْعِهِمْ,2,20,
239,36,20,لَوْ يَجِدُونَ مَلْجَـًٔا أَوْ مَغَـٰرَٰتٍ أَوْ مُدَّخَلًا لَّوَلَّوْا إِلَيْهِ,9,57,
239,36,21,إِن لَّبِثْتُمْ إِلَّا قَلِيلًا لَّوْ أَنَّكُمْ كُنتُمْ تَعْلَمُونَ,23,114,
239,36,22,لَوْ كَانُوا عِندَنَا مَا مَاتُوا وَمَا قُتِلُوا,3,156,
239,36,23,أَىَّ ءَايَـٰتِ ٱللَّهِ تُنكِرُونَ,40,81,
239,36,24,هُوَ مَعَهُمْ أَيْنَمَا كَانُوا,58,7,
239,36,25,كُلَّمَآ أَرَادُوٓا أَن يَخْرُجُوا مِنْهَآ أُعِيدُوا فِيهَا,32,20,
239,36,26,مَنْ عَمِلَ صَـٰلِحًا فَلِنَفْسِهِۦ وَمَنْ أَسَآءَ فَعَلَيْهَا,41,46,
239,36,27,لَوْ تَرَىٰٓ إِذِ ٱلظَّـٰلِمُونَ فِى غَمَرَٰتِ ٱلْمَوْتِ,6,93,
239,36,28,أَرَءَيْتُمْ إِن كَانَ مِنْ عِندِ ٱللَّهِ وَكَفَرْتُم بِهِۦ,46,10,
239,36,29,قَدْ أَفْلَحَ مَن تَزَكَّىٰ,87,14,
239,36,30,إِن تَكُ حَسَنَةً يُضَـٰعِفْهَا,4,40,
246,37,1,وَٱحْذَرْهُمْ أَن يَفْتِنُوكَ عَن بَعْضِ مَآ أَنزَلَ ٱللَّهُ إِلَيْكَ,5,49,
246,37,2,يَعِظُكُمُ ٱللَّهُ أَن تَعُودُوا لِمِثْلِهِۦٓ أَبَدًا,24,17,
246,37,3,أَعُوذُ بِٱللَّهِ أَنْ أَكُونَ مِنَ ٱلْجَـٰهِلِينَ,2,67,
246,37,4,أَلْقَىٰ فِى ٱلْأَرْضِ رَوَٰسِىَ أَن تَمِيدَ بِكُمْ,16,15,
246,37,5,يُمْسِكُ ٱلسَّمَآءَ أَن تَقَعَ عَلَى ٱلْأَرْضِ,22,65,
246,37,6,أَفَأَمِنَ أَهْلُ ٱلْقُرَىٰٓ أَن يَأْتِيَهُم بَأْسُنَا,7,97,
246,37,7,إِنَّآ أَرْسَلْنَا نُوحًا إِلَىٰ قَوْمِهِۦٓ أَنْ أَنذِرْ قَوْمَكَ مِن قَبْلِ,71,1,
246,37,8,أَوْحَيْنَآ إِلَىٰ مُوسَىٰٓ أَنْ أَضْرِب بِّعَصَاكَ ٱلْبَحْرَ,26,63,
246,37,9,أَوْحَىٰ رَبُّكَ إِلَى ٱلنَّحْلِ أَنِ ٱتَّخِذِى مِنَ ٱلْجِبَالِ بُيُوتًا,16,68,
246,37,10,[37:104-5] نَادَيْنَـٰهُ أَنْ يـٰٓإِبْرَٰهِيمُ قَدْ صَدَّقْتَ ٱلرُّءْيَا,0,0,
246,37,11,[68:21-2] تَنَادَوْا مُصْبِحِينَ أَنِ ٱغْدُوا عَلَىٰ حَرْثِكُمْ,0,0,
246,37,12,أُنزِلَتْ سُورَةٌ أَنْ ءَامِنُوا بِٱللَّهِ وَجَـٰهِدُوا مَعَ رَسُولِهِ,9,86,
246,37,13,ءَاخِرُ دَعْوَىٰهُمْ أَنِ ٱلْحَمْدُ لِلَّهِ رَبِّ ٱلْعَـٰلَمِينَ,10,10,
246,37,14,[80:1-2] عَبَسَ وَتَوَلَّىٰٓ أَن جَآءَهُ ٱلْأَعْمَىٰ,0,0,
246,37,15,أَفَنَضْرِبُ عَنكُمُ ٱلذِّكْرَ صَفْحًا أَن كُنتُمْ قَوْمًا مُّشْرِفِينَ,43,5,
246,37,16,"[68:10, 14] لَا تُطِعْ كُلَّ حَلَّافٍ مَّهِينٍ … أَن كَانَ ذَا مَالٍ وَبَنِينَ",0,0,
246,37,17,[19:90-1] تَخِرُّ ٱلْجِبَالُ هَدًّا أَن دَعَوْا لِلرَّحْمَـٰنِ وَلَدًا,0,0,
246,37,18,ذَٰلِكَ أَن لَّمْ يَكُ رَّبُّكَ مُهْلِكَ ٱلْقُرَىٰ بِظُلْمٍ,6,131,
247,37,19,فَلَعَلَّكَ تَارِكٌ بَعْضَ مَا يُوحَىٰٓ إِلَيْكَ … أَن يَقُولُوا,11,12,
247,37,20,يُرِيكُمُ ءَايَـٰتِهِۦ لَعَلَّكُمْ تَعْقِلُونَ,2,73,
247,37,21,جَـٰهِدُوا فِى سَبِيلِهِۦ لَعَلَّكُمْ تُفْلِحُونَ,5,35,
247,37,22,أَنزَلْنَآ إِلَيْكَ ٱلذِّكْرَ لِتُبَيِّنَ لِلنَّاسِ مَا نُزِّلَ إِلَيْهِمْ,16,44,
247,37,23,إِنَّا جَعَلْنَـٰهُ قُرْءَٰنًا عَرَبِيًّا لَّعَلَّكُمْ تَعْقِلُونَ,43,3,
247,37,24,عَسَىٰٓ أَن تُحِبُّوا شَيْـًٔا وَهُوَ شَرٌّ لَّكُمْ,2,216,
247,37,25,عَسَىٰ رَبُّكُمْ أَن يُهْلِكَ عَدُوَّكُمْ,7,129,
247,37,26,عَسَى ٱللَّهُ أَن يَأْتِيَنِى بِهِمْ جَمِيعًا,12,83,
247,37,27,عَسَىٰٓ أَلَّآ أَكُونَ بِدُعَآءِ رَبِّى شَقِيًّا,19,48,
253,38,1,لَا يَزَالُ الَّذِينَ كَفَرُوا فِي مِرْيَةٍ,22,55,
253,38,2,مَا زَالَتْ تِلْكَ دَعْوَاهُمْ,21,15,
253,38,3,لَا تَزَالُ تَطَّلِعُ,5,13,
253,38,4,ظَلَّ وَجْهُهُ مُسْوَدًّا,16,58,
253,38,5,فَظَلْتُمْ تَفَكَّهُونَ,56,65,
253,38,6,ظَلُّوا فِيهِ يَعْرُجُونَ,15,14,
253,38,7,مَا دَامُوا فِيهَا,5,24,
253,38,8,مَا دُمْتُمْ حُرُمًا,5,96,
253,38,9,وَكُنْتُ عَلَيْهِمْ شَهِيدًا مَا دُمْتُ فِيهِمْ,5,117,
253,38,10,أَصْبَحُوا نَادِمِينَ,26,157,
253,38,11,أَصْبَحْتُمْ بِنِعْمَتِهِ إِخْوَانًا,3,103,
253,38,12,أَصْبَحْتُمْ مِنَ الْخَاسِرِينَ,41,23,
254,38,13,يَكَادُ الْبَرْقُ يَخْطَفُ أَبْصَارَهُمْ,2,20,
254,38,14,يَكَادُ زَيْتُهَا يُضِيءُ وَلَوْ لَمْ تَمْسَسْهُ نَارٌ,24,35,
254,38,15,لَا يَكَادُ يُبِينُ,43,52,
254,38,16,لَا يَكَادُونَ يَفْقَهُونَ حَدِيثًا,4,78,
254,38,17,لَوْلَا يُكَلِّمُنَا اللَّهُ,2,118,
254,38,18,لَوْلَا أُنْزِلَ عَلَيْهِ مَلَكٌ,6,8,
254,38,19,رَبَّنَا لَوْلَا أَرْسَلْتَ إِلَيْنَا رَسُولًا,20,134,
254,38,20,لَوْلَا تَشْكُرُونَ,56,70,
254,38,21,لَوْلَا تَسْتَغْفِرُونَ اللَّهَ,27,46,
254,38,22,لَوْلَا فَضْلُ اللَّهِ عَلَيْكُمْ وَرَحْمَتُهُ لَكُنْتُمْ مِنَ الْخَاسِرِينَ,2,64,
254,38,23,لَوْلَا كِتَابٌ مِنَ اللَّهِ سَبَقَ لَمَسَّكُمْ فِيمَا أَخَذْتُمْ عَذَابٌ عَظِيمٌ,8,68,
254,38,24,وَلَوْلَا أَجَلٌ مُسَمًّى لَجَاءَهُمُ الْعَذَابُ,29,53,
254,38,25,لَوْلَا نِعْمَةُ رَبِّي لَكُنْتُ مِنَ الْمُحْضَرِينَ,37,57,
262,39,1,وَيْلٌ لِلَّذِينَ كَفَرُوا مِنَ النَّارِ,38,27,
262,39,2,وَيْلٌ يَوْمَئِذٍ لِلْمُكَذِّبِينَ,52,11,
262,39,3,وَيْلٌ لِلَّذِينَ يَكْتُبُونَ الْكِتَابَ بِأَيْدِيهِمْ ثُمَّ يَقُولُونَ هَذَا مِنْ عِنْدِ اللَّهِ,2,79,
262,39,4,وَيْلٌ لِلْمُشْرِكِينَ,41,6,
262,39,5,يَا وَيْلَنَا قَدْ كُنَّا فِي غَفْلَةٍ مِنْ هَذَا,21,97,
262,39,6,يَا لَيْتَنِي لَمْ أُشْرِكْ بِرَبِّي أَحَدًا,18,42,
262,39,7,يَا لَيْتَنَا أَطَعْنَا اللَّهَ,33,66,
262,39,8,يَا لَيْتَ قَوْمِي يَعْلَمُونَ,36,26,
262,39,9,يَقُولُ الْكَافِرُ يَا لَيْتَنِي كُنْتُ تُرَابًا,78,40,
263,39,10,لَا أُقْسِمُ بِهَذَا الْبَلَدِ,90,1,
263,39,11,وَلَيَحْلِفُنَّ إِنْهُمْ لَكَإِذِبُونَ,9,107,
263,39,12,قَالُوا تَاللَّهِ إِنَّكَ لَفِي ضَلَالِكَ الْقَدِيمِ,12,95,
263,39,13,وَاللَّهِ رَبِّنَا مَا كُنَّا مُشْرِكِينَ,6,23,
263,39,14,فَوَرَبِّكَ لَنَسْأَلَنَّهُمْ أَجْمَعِينَ,15,92,
263,39,15,فَوَرَبِّكَ لَنَحْشُرَنَّهُمْ,19,68,
263,39,16,وَرَبِّي لَتَأْتِيَنَّكُمْ,34,3,
263,39,17,لَئِنْ سَأَلْتَهُمْ مَنْ خَلَقَهُمْ لَيَقُولُنَّ اللَّهُ,43,87,
263,39,18,كَتَبَ اللَّهُ لَأَغْلِبَنَّ أَنَا وَرُسُلِي,58,21,
263,39,19,لَنُخْرِجَنَّكُمْ مِنْ أَرْضِنَا,14,13,
263,39,20,لَيَجْمَعَنَّكُمْ إِلَى يَوْمِ الْقِيَامَةِ,4,87,
263,39,21,لَا يَصُدَّنَّكُمُ الشَّيْطَانُ,43,62,
263,39,22,لَا تَحْسَبَنَّ اللَّهَ غَافِلًا عَمَّا يَعْمَلُ الظَّالِمُونَ,14,42,
263,39,23,لَئِنْ لَمْ تَنْتَهِ لَأَرْجُمَنَّكَ,19,46,
263,39,24,لَئِنْ أَنْجَانَا مِنْ هَذِهِ لَنَكُونَنَّ مِنَ الشَّاكِرِينَ,6,63,
263,39,25,إِمَّا يُنْسِيَنَّكَ الشَّيْطَانُ فَلَا تَقْعُدْ بَعْدَ الذِّكْرَى مَعَ الْقَوْمِ الظَّالِمِينَ,6,68,
263,39,26,يَا بَنِي آدَمَ لَا يَفْتِنَنَّكُمُ الشَّيْطَانُ,7,27,
263,39,27,لَئِنْ لَمْ يَهْدِنِي رَبِّي لَأَكُونَنَّ مِنَ الْقَوْمِ الضَّالِّينَ,6,77,
263,39,28,لَا يَسْتَخِفَّنَّكَ الَّذِينَ لَا يُوقِنُونَ,30,60,
268,40,1,مَا كَانَ اللَّهُ لِيَظْلِمَهُمْ,29,40,
268,40,2,مَا كَانَ اللَّهُ لِيَذَرَ الْمُؤْمِنِينَ عَلَى مَا أَنْتُمْ عَلَيْهِ,3,179,
268,40,3,مَا كَانَ اللَّهُ لِيُضِلَّ قَوْمًا بَعْدَ إِذْ هَدَاهُمْ,9,115,
268,40,4,مَا كَانَ اللَّهُ لِيُطْلِعَكُمْ عَلَى الْغَيْبِ,3,179,
268,40,5,مَا كَانَ لَهُمْ أَنْ يَدْخُلُوهَا,2,114,
268,40,6,مَا كَانَ لِنَفْسٍ أَنْ تَمُوتَ إِلَّا بِإِذْنِ اللَّهِ,3,145,
268,40,7,مَا كَانَ لِرَسُولٍ أَنْ يَأْتِيَ بِآيَةٍ إِلَّا بِإِذْنِ اللَّهِ,13,38,
268,40,8,مَا كَانَ لِمُؤْمِنٍ أَنْ يَقْتُلَ مُؤْمِنًا,4,92,
268,40,9,مَا كَانَ لِلْمُشْرِكِينَ أَنْ يَعْمُرُوا مَسَاجِدَ اللَّهِ,9,17,
268,40,10,مَا كَانَ لَنَا أَنْ نَأْتِيَكُمْ بِسُلْطَانٍ,14,11,
268,40,11,مَا كَانَ لِبَشَرٍ أَنْ يُكَلِّمَهُ اللَّهُ إِلَّا وَحْيًا,42,51,
268,40,12,مَا كَانَ لِمُؤْمِنٍ وَلَا مُؤْمِنَةٍ أَنْ يَكُونَ لَهُمُ الْخِيَرَةُ,33,36,
268,40,13,مَا كَانَ لَكُمْ أَنْ تُؤْذُوا رَسُولَ اللَّهِ,33,53,
268,40,14,نِعْمَ النَّصِيرُ,8,40,
268,40,15,نِعْمَ أَجْرُ الْعَامِلِينَ,29,58,
268,40,16,نِعْمَ مَا يَعِظُكُمْ بِهِ,4,58,
268,40,17,سَاءَ مَا كَانُوا يَفْعَلُونَ,38,15,
268,40,18,سَاءَ سَبِيلًا,4,22,
268,40,19,بِئْسَ الشَّرَابُ وَسَاءَتْ مُرْتَفَقًا,18,29,
268,40,20,اِشْتَرَوْا بِهِ ثَمَنًا قَلِيلًا فَبِئْسَ مَا يَشْتَرُونَ,3,187,
269,40,21,بِئْسَ مَا كَانُوا يَصْنَعُونَ,5,63,
269,40,22,بِئْسَ مَثَلُ الْقَوْمِ الَّذِينَ كَذَّبُوا بِآيَاتِ اللَّهِ,62,5,
269,40,23,مَأْوَاهُمُ النَّارُ وَبِئْسَ مَثْوَى الظَّالِمِينَ,3,151,
269,40,24,مَأْوَاهُ جَهَنَّمُ وَبِئْسَ الْمَصِيرُ,3,162,
269,40,25,نِعْمَ الْعَبْدُ,38,30,
